Employee_Id,Employee_name,Department,Hire_date,Performance_rating,Salary,Attendance_percentage,Level,Tenure-years
1,vinni sandwick,Finance,2009-02-08 00:00:00,2.5,142808.0,25.9,intern,27.2
2,lucais lottrington,HR,2016-09-12 00:00:00,3.3,78359.0,95.96,management level,8.0
3,ilaire dray,Marketing,2003-11-06 00:00:00,1.4,134911.0,2.14,mid level,4.6
4,ginevra turfrey,HR,2010-02-22 00:00:00,4.0,101298.0,59.75,mid level,15.2
5,gregoire cundy,HR,2014-01-17 00:00:00,3.0,132012.0,28.95,entry level,1.2
6,lila bagley,HR,2011-05-31 00:00:00,3.5,91112.0,37.36,management level,21.2
7,elisabetta wasielewski,Finance,2002-07-18 00:00:00,3.4,76209.0,95.85,executive level,13.1
8,isahella gather,HR,2006-11-07 00:00:00,3.4,85147.0,86.53,intern,26.0
9,daphene pacitti,Finance,2018-01-15 00:00:00,4.8,122555.0,36.81,management level,30.0
10,leontine potapczuk,Marketing,2013-08-17 00:00:00,1.8,149538.0,78.96,executive level,2.3
11,lazarus mabley,IT,2008-02-06 00:00:00,1.8,85147.0,17.04,executive level,28.6
12,sigismondo caccavale,Sales,2013-10-22 00:00:00,1.8,78860.0,30.79,intern,4.5
13,delphinia tooker,Marketing,2000-12-28 00:00:00,3.3,67026.0,66.04,management level,2.7
14,sherill weavers,Sales,2019-06-26 00:00:00,4.7,117035.0,88.75,executive level,13.1
15,gabi blown,HR,2001-06-11 00:00:00,4.9,97234.0,60.48,mid level,9.8
16,eugen berntsson,Marketing,2022-01-06 00:00:00,4.2,109516.0,32.18,entry level,29.1
17,alec bonett,Marketing,2017-06-17 00:00:00,1.9,27135.0,40.82,management level,12.8
18,karlan akett,Marketing,2001-07-05 00:00:00,4.2,105870.0,30.8,intern,22.2
19,amye gerdes,Marketing,2022-09-06 00:00:00,1.6,137403.0,22.9,management level,1.0
20,robin danshin,Marketing,2022-07-23 00:00:00,4.3,85147.0,35.44,entry level,9.2
21,nickola dank,IT,2013-03-19 00:00:00,2.0,114493.0,44.28,executive level,23.3
22,lorilee jerschke,Sales,2016-06-24 00:00:00,1.2,30927.0,95.34,entry level,21.1
23,gottfried huggan,IT,2001-08-16 00:00:00,3.8,127973.0,35.87,entry level,23.2
24,giffy copson,HR,2008-06-20 00:00:00,3.8,57490.0,66.92,management level,20.4
25,kennith riddiford,IT,2015-05-14 00:00:00,3.4,38962.0,60.29,intern,19.3
26,albie whenman,IT,2017-06-23 00:00:00,5.0,66503.0,57.94,executive level,22.8
27,sarah moule,Marketing,2010-04-29 00:00:00,3.7,111520.0,18.51,entry level,14.3
28,foster brookz,Marketing,2000-02-14 00:00:00,4.5,51215.0,87.94,entry level,13.8
29,lynda kenelin,Finance,2013-07-17 00:00:00,2.0,62133.0,60.91,entry level,27.0
30,isidro locksley,HR,2001-12-18 00:00:00,4.5,99612.0,90.51,entry level,9.1
31,urban mccomish,Sales,2005-02-17 00:00:00,2.2,45795.0,58.33,entry level,25.6
32,allie kimbly,Finance,2020-02-27 00:00:00,4.3,87643.0,87.43,entry level,10.2
33,sheri ponting,HR,2006-12-30 00:00:00,1.3,136511.0,97.29,executive level,8.0
34,waylen leftley,Marketing,2000-10-16 00:00:00,2.4,98865.0,36.97,entry level,25.6
35,weider dumbreck,Finance,2012-01-05 00:00:00,4.9,86764.0,69.08,intern,6.4
36,kev cramb,HR,2005-05-25 00:00:00,1.3,34691.0,5.21,mid level,4.0
37,ardeen fairney,Sales,2010-09-20 00:00:00,1.7,42744.0,98.4,mid level,28.6
38,freddi kobu,HR,2000-08-16 00:00:00,3.9,123221.0,40.38,intern,14.6
39,esma durbyn,Sales,2005-10-01 00:00:00,1.5,107781.0,56.06,executive level,21.4
40,vaclav eliot,Sales,2016-02-22 00:00:00,3.8,62444.0,99.86,entry level,24.9
41,wendy walden,IT,2003-05-16 00:00:00,3.3,130632.0,51.02,entry level,17.3
42,benni scahill,IT,2001-11-17 00:00:00,2.1,100109.0,55.75,mid level,12.2
43,britt priddle,IT,2012-08-14 00:00:00,1.5,122793.0,75.03,management level,13.6
44,corey alenichicov,IT,2010-12-08 00:00:00,2.2,145405.0,32.69,mid level,24.5
45,nedi brierton,HR,2000-01-24 00:00:00,3.2,128987.0,86.06,management level,3.7
46,dani telling,IT,2009-07-24 00:00:00,4.9,120715.0,66.73,entry level,10.8
47,jena kibblewhite,Marketing,2003-03-27 00:00:00,3.5,20766.0,82.76,executive level,20.1
48,devina sanchis,Marketing,2009-02-27 00:00:00,3.3,59592.0,86.27,intern,28.8
49,alida daysh,Sales,2007-01-02 00:00:00,2.4,40535.0,58.93,management level,24.1
50,filberto wincom,Sales,2022-12-14 00:00:00,2.8,37192.0,26.54,intern,12.7
51,tandi gyppes,Marketing,2006-01-09 00:00:00,4.8,92758.0,29.66,management level,12.8
52,dayna caudelier,HR,2006-01-28 00:00:00,3.2,114097.0,50.67,management level,0.7
53,jonah selwyn,HR,2007-09-12 00:00:00,3.6,95840.0,99.72,entry level,13.9
54,carlee ziemke,HR,2003-05-08 00:00:00,1.5,99575.0,12.31,management level,6.3
55,l;urette shipsey,Marketing,2020-09-23 00:00:00,1.7,69977.0,62.03,management level,22.6
56,lissy heritege,Marketing,2015-05-11 00:00:00,1.1,31647.0,25.91,intern,6.7
57,anjela maclardie,Finance,2012-01-20 00:00:00,4.6,110979.0,56.7,intern,27.5
58,garreth novotne,IT,2022-10-28 00:00:00,4.0,44755.0,4.25,intern,11.8
59,zachery seymer,Finance,2018-12-12 00:00:00,3.2,24945.0,76.02,intern,24.8
60,ludwig ferrierio,IT,2014-11-12 00:00:00,2.7,21161.0,71.65,mid level,29.3
61,ulrich dormon,Marketing,2002-12-15 00:00:00,3.4,22501.0,84.18,intern,5.7
62,lemuel wessing,Sales,2009-12-17 00:00:00,2.5,45666.0,11.27,entry level,6.8
63,conrade willerson,IT,2001-08-13 00:00:00,2.0,85147.0,1.34,intern,3.1
64,cindi le gall,HR,2012-10-22 00:00:00,3.8,104373.0,31.93,intern,12.5
65,prentiss allpress,Sales,2014-10-09 00:00:00,3.7,95255.0,58.46,intern,26.3
66,kaile branch,Sales,2022-11-04 00:00:00,2.7,92399.0,39.68,intern,18.2
67,hirsch dell casa,Finance,2000-02-15 00:00:00,1.9,24390.0,2.24,executive level,4.3
68,bianka kightly,IT,2001-01-01 00:00:00,1.6,135212.0,51.55,management level,16.3
69,mirilla iffland,Finance,2008-08-08 00:00:00,1.9,63876.0,63.2,entry level,9.0
70,darda stickney,Sales,2005-01-14 00:00:00,2.7,127919.0,30.16,management level,1.1
71,dulcine di biaggi,HR,2021-06-27 00:00:00,4.1,54586.0,34.83,intern,13.8
72,tracie de dei,IT,2013-02-17 00:00:00,4.7,49550.0,92.37,executive level,27.5
73,genevra lukasik,Marketing,2015-10-06 00:00:00,1.4,27124.0,61.09,mid level,8.7
74,odille best,IT,2022-06-19 00:00:00,1.5,95274.0,91.78,management level,21.5
75,gaby mance,Marketing,2004-01-23 00:00:00,1.2,114471.0,6.67,entry level,5.4
76,florina alliban,Finance,2013-06-09 00:00:00,3.4,124634.0,40.86,executive level,13.8
77,orin mossman,Sales,2003-03-23 00:00:00,4.2,33170.0,99.12,mid level,29.8
78,ivy cowhig,Finance,2019-07-27 00:00:00,2.9,85057.0,84.09,executive level,15.4
79,axe huntingdon,Finance,2016-12-20 00:00:00,4.2,85147.0,46.56,executive level,14.7
80,addy hachette,Marketing,2016-12-18 00:00:00,3.6,89169.0,11.85,mid level,23.1
81,sioux marquez,HR,2019-10-15 00:00:00,2.8,85147.0,57.7,intern,1.0
82,anne enrrico,IT,2017-06-04 00:00:00,4.7,111978.0,0.86,mid level,21.5
83,trudie drillot,IT,2001-10-11 00:00:00,4.0,128276.0,92.37,entry level,1.1
84,charles muneely,Marketing,2005-06-08 00:00:00,2.1,61910.0,57.33,entry level,6.7
85,cherise cockrill,Finance,2018-06-23 00:00:00,1.5,59096.0,10.87,executive level,18.0
86,vernor whitter,Marketing,2006-09-16 00:00:00,3.3,45501.0,25.46,mid level,11.9
87,hope ruzek,Marketing,2006-09-30 00:00:00,4.3,69795.0,91.26,executive level,3.4
88,tailor tilson,HR,2015-12-18 00:00:00,3.0,57110.0,11.8,executive level,9.9
89,iolanthe doxey,HR,2008-07-08 00:00:00,1.7,131076.0,34.35,entry level,27.0
90,shannen steabler,Sales,2000-01-01 00:00:00,4.6,105046.0,30.62,intern,13.6
91,arlen cullingford,Finance,2006-02-02 00:00:00,3.0,97368.0,26.45,entry level,17.5
92,gasparo blacklawe,IT,2003-11-21 00:00:00,3.3,85147.0,71.14,entry level,16.5
93,timoteo sweetmore,Finance,2022-05-31 00:00:00,2.1,74330.0,26.38,management level,16.5
94,kristan claeskens,Finance,2019-02-18 00:00:00,3.7,51604.0,56.01,entry level,5.6
95,meredith gapper,Marketing,2000-12-16 00:00:00,3.8,85941.0,97.16,entry level,14.4
96,hank iglesiaz,Sales,2010-11-29 00:00:00,1.9,114671.0,32.68,executive level,10.3
97,tripp longbottom,Sales,2019-06-12 00:00:00,2.9,106794.0,9.43,management level,5.6
98,bianca norster,HR,2017-08-05 00:00:00,2.4,68955.0,10.55,mid level,28.7
99,peter chazelle,Sales,2019-03-17 00:00:00,4.0,145126.0,84.0,management level,11.9
100,tana sandercroft,HR,2007-10-08 00:00:00,3.8,89975.0,34.32,intern,1.5
101,charis ludlow,HR,2019-10-31 00:00:00,1.7,85147.0,27.06,entry level,28.6
102,rochester culcheth,Finance,2005-05-25 00:00:00,4.0,90219.0,34.64,management level,14.6
103,caralie figgures,Marketing,2003-07-16 00:00:00,4.8,69700.0,83.35,entry level,24.0
104,porter mulleary,Marketing,2009-02-02 00:00:00,4.8,62091.0,60.22,management level,1.0
105,salaidh semrad,Marketing,2000-05-22 00:00:00,1.3,102397.0,59.75,intern,14.7
106,royce seebright,IT,2004-05-29 00:00:00,2.9,74953.0,10.65,intern,16.3
107,jenine barenskie,Sales,2001-07-12 00:00:00,3.8,40639.0,57.66,entry level,18.8
108,sigismund o'carran,HR,2000-01-09 00:00:00,4.4,85147.0,62.82,mid level,23.3
109,corrine puttick,IT,2009-01-23 00:00:00,1.7,142847.0,82.34,intern,5.9
110,hogan dmytryk,HR,2015-11-18 00:00:00,1.0,56678.0,32.87,management level,11.1
111,ophelia jacox,Sales,2000-02-17 00:00:00,4.6,94946.0,94.07,entry level,20.8
112,karola abbet,Marketing,2014-08-21 00:00:00,3.3,55035.0,23.52,management level,29.0
113,jacquie matuszyk,HR,2022-11-03 00:00:00,4.4,68548.0,20.51,mid level,5.9
114,correy conkay,Finance,2019-04-27 00:00:00,2.7,144487.0,24.21,intern,28.6
115,roxanna antonutti,HR,2006-07-24 00:00:00,5.0,85147.0,64.53,executive level,6.0
116,gery monaghan,Marketing,2021-03-18 00:00:00,3.2,132842.0,53.0,management level,0.4
117,merrill grahamslaw,IT,2022-08-18 00:00:00,1.3,25671.0,69.63,executive level,23.7
118,karlen blackett,Marketing,2010-08-29 00:00:00,2.1,85147.0,25.52,entry level,15.4
119,hillary sarten,IT,2008-02-13 00:00:00,2.1,88672.0,16.54,management level,20.2
120,pamela trenbay,Finance,2004-04-25 00:00:00,1.7,45372.0,79.78,executive level,10.3
121,atlante shiers,Sales,2000-02-01 00:00:00,1.3,146551.0,94.56,entry level,19.8
122,catlaina elvin,Finance,2000-09-03 00:00:00,3.7,66707.0,48.86,executive level,3.7
123,robinia roullier,IT,2012-08-17 00:00:00,1.4,85147.0,25.43,management level,14.3
124,kari kinnerley,Sales,2004-03-31 00:00:00,4.0,39315.0,21.7,mid level,22.0
125,missy durran,IT,2019-04-11 00:00:00,1.8,115797.0,56.69,mid level,10.1
126,read hopkins,HR,2022-11-25 00:00:00,2.7,133286.0,55.8,executive level,26.2
127,delcina messier,Finance,2019-02-09 00:00:00,4.6,74243.0,8.39,mid level,14.7
128,verna carnell,HR,2009-08-24 00:00:00,4.4,146897.0,7.13,management level,26.7
129,mylo follan,HR,2002-12-23 00:00:00,1.2,22759.0,15.86,executive level,12.5
130,granny lambis,Sales,2017-10-19 00:00:00,3.2,85147.0,40.69,entry level,8.6
131,haleigh larrie,IT,2005-05-29 00:00:00,3.5,85147.0,98.22,entry level,25.9
132,elspeth font,HR,2005-05-25 00:00:00,3.4,85147.0,14.94,entry level,5.3
133,ker macadam,Sales,2007-06-29 00:00:00,3.4,34271.0,7.24,entry level,20.6
134,torie telega,Sales,2019-10-13 00:00:00,4.0,142783.0,37.15,management level,6.0
135,moria osipenko,IT,2019-06-29 00:00:00,3.0,78255.0,94.82,management level,20.7
136,simone ribbens,Sales,2021-07-12 00:00:00,3.2,36376.0,96.72,executive level,19.1
137,hildegaard maffy,HR,2022-08-20 00:00:00,1.7,66462.0,57.9,executive level,9.3
138,elizabet main,IT,2008-07-15 00:00:00,1.3,88526.0,11.85,entry level,23.3
139,zonda bromehead,IT,2001-12-16 00:00:00,1.3,60073.0,38.76,mid level,20.3
140,kati jurasek,HR,2015-07-15 00:00:00,4.8,84440.0,76.15,management level,18.3
141,rosene savin,Sales,2006-12-01 00:00:00,3.4,120277.0,88.05,mid level,16.9
142,lewiss nobbs,Finance,2009-01-24 00:00:00,1.9,120553.0,81.63,entry level,7.9
143,jed o' cloney,HR,2001-08-20 00:00:00,2.4,76286.0,77.63,executive level,8.1
144,denney vize,HR,2009-11-25 00:00:00,2.5,136149.0,69.82,executive level,1.0
145,mareah iglesia,HR,2013-01-28 00:00:00,1.7,49811.0,83.64,intern,22.5
146,wye macgragh,Finance,2002-12-21 00:00:00,1.3,103763.0,30.28,entry level,15.5
147,winny goodge,Marketing,2006-09-27 00:00:00,1.5,73590.0,60.59,executive level,24.5
148,candide laxen,Finance,2022-09-24 00:00:00,2.3,91913.0,64.17,management level,25.2
149,tatum kirstein,IT,2008-01-27 00:00:00,1.2,80006.0,92.72,entry level,23.4
150,teddie sutch,Sales,2014-09-22 00:00:00,3.7,85147.0,90.29,mid level,17.4
151,winston curner,Finance,2014-10-01 00:00:00,2.4,85147.0,76.66,executive level,26.7
152,ignacio toland,Marketing,2021-06-07 00:00:00,3.5,124662.0,56.5,entry level,5.9
153,luce keyes,Sales,2019-09-07 00:00:00,2.1,149451.0,7.47,management level,4.5
154,hannis de vaen,Finance,2016-03-20 00:00:00,3.9,107540.0,20.06,mid level,19.5
155,zebadiah rubinov,Finance,2007-01-28 00:00:00,3.2,146008.0,3.94,mid level,23.0
156,matilde palmar,Marketing,2006-03-19 00:00:00,1.7,138358.0,23.24,management level,26.8
157,rubetta jeynes,Finance,2014-06-03 00:00:00,4.4,97726.0,47.3,management level,21.2
158,maryanna gulvin,Marketing,2013-03-05 00:00:00,4.6,84221.0,34.12,entry level,13.2
159,ervin gadney,Marketing,2020-04-03 00:00:00,2.3,109168.0,29.92,management level,1.7
160,gilles gutteridge,HR,2004-06-12 00:00:00,4.0,48449.0,72.12,intern,3.5
161,rodger brazer,Marketing,2015-11-07 00:00:00,4.3,68167.0,37.09,entry level,29.7
162,milissent st. pierre,Marketing,2011-10-15 00:00:00,4.0,83917.0,46.61,entry level,9.3
163,nate strooband,HR,2021-11-26 00:00:00,1.4,94252.0,36.39,entry level,10.7
164,edin beavan,Sales,2000-03-10 00:00:00,3.5,139292.0,63.05,executive level,15.1
165,elaina zollner,HR,2003-08-22 00:00:00,2.2,24079.0,43.26,executive level,20.9
166,cass phlippi,Sales,2002-09-10 00:00:00,4.6,90151.0,34.66,entry level,10.3
167,garek mcgenis,Sales,2006-03-16 00:00:00,3.0,85147.0,81.81,mid level,13.0
168,aube ogdahl,HR,2015-07-01 00:00:00,3.5,112851.0,39.17,intern,22.5
169,wendell lamplugh,Finance,2011-10-17 00:00:00,4.3,85147.0,48.28,management level,24.2
170,eduard colmer,HR,2007-01-28 00:00:00,1.2,22226.0,3.56,management level,29.6
171,thom trimming,Marketing,2000-01-30 00:00:00,3.6,139111.0,25.4,entry level,16.8
172,beniamino pennigar,Finance,2012-05-01 00:00:00,4.4,50733.0,19.79,management level,11.8
173,alonzo bovingdon,Marketing,2003-09-06 00:00:00,2.8,108641.0,44.96,executive level,1.6
174,kennie guerrieri,IT,2019-08-21 00:00:00,2.3,78242.0,67.84,intern,5.2
175,annamaria beek,HR,2002-04-22 00:00:00,1.0,58877.0,76.16,management level,10.1
176,marcy swancock,IT,2019-08-11 00:00:00,1.0,137790.0,12.88,intern,4.4
177,abby mathely,IT,2003-11-25 00:00:00,4.1,86374.0,52.77,mid level,20.0
178,bogart hallowes,Finance,2001-09-29 00:00:00,3.2,33768.0,33.41,management level,7.4
179,ceciley sowthcote,Marketing,2002-12-14 00:00:00,2.8,36246.0,10.91,management level,22.5
180,aurea bottjer,Finance,2014-11-29 00:00:00,3.3,56661.0,60.05,management level,17.6
181,nial hurworth,Marketing,2019-03-24 00:00:00,2.1,85147.0,22.19,entry level,2.1
182,clementius baleine,Sales,2002-11-21 00:00:00,1.9,147040.0,81.26,management level,2.4
183,faber dixson,Marketing,2003-09-26 00:00:00,2.3,30372.0,42.59,mid level,10.6
184,hulda stonhard,Sales,2012-12-28 00:00:00,4.0,103214.0,16.15,executive level,20.3
185,imojean frohock,Marketing,2007-05-03 00:00:00,1.5,21471.0,70.0,intern,19.9
186,darren reedy,HR,2018-05-07 00:00:00,4.2,59622.0,33.95,mid level,23.6
187,klarika glazyer,IT,2012-06-04 00:00:00,3.7,85147.0,51.63,management level,24.5
188,steven corrigan,HR,2017-01-28 00:00:00,4.5,71071.0,39.09,executive level,8.5
189,whitney kenworthy,IT,2004-09-10 00:00:00,2.1,21963.0,43.71,mid level,27.7
190,karney srutton,HR,2016-12-11 00:00:00,1.8,105011.0,9.4,mid level,10.3
191,elnore iiannone,Marketing,2013-02-23 00:00:00,2.2,57908.0,80.16,executive level,18.4
192,shelbi oliva,IT,2011-07-27 00:00:00,2.0,104769.0,46.78,entry level,25.9
193,lynelle pavett,IT,2015-01-06 00:00:00,2.8,21342.0,79.52,executive level,20.7
194,jeniffer yate,Marketing,2004-09-12 00:00:00,4.8,78503.0,9.54,intern,20.4
195,casie ivan,Finance,2013-05-03 00:00:00,1.5,112267.0,17.84,intern,3.1
196,duffy feronet,HR,2004-06-02 00:00:00,4.7,111913.0,3.1,intern,6.2
197,anny jimpson,IT,2015-06-08 00:00:00,3.7,84042.0,73.96,entry level,27.6
198,ephrayim androli,Sales,2007-04-17 00:00:00,2.2,80085.0,61.48,mid level,11.0
199,dredi mattiuzzi,Finance,2006-03-29 00:00:00,1.3,77799.0,27.29,mid level,15.7
200,charis dionisi,Sales,2019-04-17 00:00:00,4.8,87562.0,60.81,intern,10.4
201,papageno guidelli,HR,2013-06-05 00:00:00,5.0,106999.0,13.18,management level,15.4
202,herschel lilburne,Marketing,2005-04-14 00:00:00,3.0,107002.0,68.71,management level,6.1
203,tracey ozelton,IT,2006-06-22 00:00:00,1.9,113881.0,30.86,intern,1.6
204,carlie barnish,Marketing,2013-10-17 00:00:00,3.4,129165.0,33.28,entry level,6.5
205,jay furminger,HR,2013-08-16 00:00:00,2.5,99864.0,66.43,executive level,2.2
206,brade von hagt,HR,2015-04-03 00:00:00,2.6,67561.0,25.7,executive level,25.7
207,linn woolard,IT,2016-10-15 00:00:00,1.0,118334.0,3.4,executive level,22.5
208,curran pattisson,Finance,2005-04-17 00:00:00,1.1,143266.0,22.38,intern,6.2
209,lotti adrien,Marketing,2004-03-06 00:00:00,1.7,149938.0,6.63,executive level,9.0
210,orsola cleaveland,Marketing,2021-09-09 00:00:00,4.4,38698.0,61.25,mid level,18.2
211,toinette truscott,Marketing,2020-05-14 00:00:00,3.7,51707.0,8.71,intern,0.4
212,nikos copnar,IT,2003-11-28 00:00:00,4.1,112774.0,12.47,mid level,22.9
213,rochelle shrimptone,Sales,2017-06-21 00:00:00,1.3,30277.0,65.46,entry level,10.1
214,lidia vegas,IT,2017-01-25 00:00:00,1.4,84276.0,59.59,management level,22.9
215,cassy bennit,HR,2000-09-03 00:00:00,4.7,85147.0,66.81,intern,23.8
216,nanete digginson,Marketing,2019-11-14 00:00:00,1.0,148117.0,26.67,entry level,4.6
217,lowe bishell,Finance,2001-11-30 00:00:00,4.5,91941.0,55.56,mid level,13.4
218,elisha cullabine,Marketing,2012-09-06 00:00:00,4.0,46314.0,53.14,executive level,1.2
219,conway houlson,IT,2015-03-19 00:00:00,3.2,106535.0,28.54,intern,8.5
220,clarinda mcdonogh,HR,2017-05-07 00:00:00,4.5,26402.0,1.19,management level,10.1
221,felecia feronet,Sales,2020-09-19 00:00:00,4.9,47425.0,81.43,entry level,26.2
222,byrom le grys,Marketing,2013-04-27 00:00:00,4.3,20250.0,9.75,executive level,29.3
223,anna-maria amiss,Finance,2000-07-29 00:00:00,2.4,36719.0,21.22,mid level,11.2
224,baxie warbey,IT,2001-03-04 00:00:00,1.9,55243.0,99.06,management level,7.0
225,hester robic,Finance,2015-08-03 00:00:00,3.5,108864.0,6.69,mid level,24.7
226,karrah jarvie,Marketing,2001-09-16 00:00:00,1.7,119089.0,22.38,intern,28.3
227,wilhelm tong,Finance,2007-06-24 00:00:00,4.6,124007.0,75.63,intern,19.3
228,paulette blankenship,Marketing,2004-06-02 00:00:00,4.1,128897.0,56.07,executive level,17.9
229,lyman stapels,Sales,2015-11-22 00:00:00,1.7,85147.0,96.62,mid level,0.3
230,em arlet,Sales,2019-09-08 00:00:00,3.9,139183.0,65.25,mid level,2.8
231,rawley hinrich,Sales,2006-10-16 00:00:00,3.6,142931.0,3.27,mid level,27.7
232,gustave slemming,HR,2006-12-31 00:00:00,1.9,63673.0,45.36,entry level,12.9
233,tanitansy mcshee,Sales,2006-09-29 00:00:00,4.1,148309.0,77.48,management level,25.5
234,rufe bastide,Marketing,2020-12-02 00:00:00,2.8,58176.0,50.74,management level,4.6
235,shannon futcher,Finance,2006-03-14 00:00:00,1.2,136106.0,92.54,intern,1.1
236,darbie walduck,Marketing,2014-06-06 00:00:00,2.0,90575.0,20.01,entry level,26.5
237,shayne mackerness,Finance,2009-11-19 00:00:00,1.4,59807.0,40.03,management level,0.7
238,petey shallcrass,Marketing,2011-01-25 00:00:00,4.0,136428.0,99.36,mid level,0.7
239,jade griffoen,Sales,2012-03-18 00:00:00,1.8,29206.0,60.36,executive level,29.1
240,farand caren,Finance,2008-10-16 00:00:00,2.8,106193.0,96.16,mid level,18.1
241,robena southward,IT,2021-10-01 00:00:00,3.7,42642.0,69.46,intern,2.3
242,melessa normanton,IT,2015-06-18 00:00:00,3.0,138906.0,58.74,entry level,2.0
243,theobald krout,Marketing,2013-04-03 00:00:00,4.4,36116.0,61.78,executive level,8.4
244,erroll starrs,HR,2013-12-20 00:00:00,2.6,36629.0,18.11,entry level,20.9
245,meghann kleinzweig,Sales,2008-11-12 00:00:00,3.8,83719.0,3.9,intern,17.6
246,nicolis ryle,Finance,2012-01-13 00:00:00,4.2,140267.0,83.24,intern,20.1
247,nanette antic,IT,2019-12-14 00:00:00,1.9,20652.0,35.62,executive level,2.3
248,stevana killshaw,HR,2006-11-05 00:00:00,2.0,45704.0,21.54,intern,19.0
249,clementius wrintmore,IT,2019-07-19 00:00:00,3.3,30465.0,26.43,executive level,0.5
250,roseanna cayet,Finance,2020-11-07 00:00:00,1.9,123846.0,73.7,management level,16.0
251,rosalyn de bernardi,Sales,2022-11-06 00:00:00,2.0,108445.0,28.45,entry level,5.4
252,whit doherty,IT,2011-09-27 00:00:00,2.1,39415.0,90.51,intern,27.1
253,anthony lahrs,IT,2013-07-08 00:00:00,4.2,85147.0,20.47,intern,0.5
254,dimitry witchalls,Sales,2002-12-08 00:00:00,3.2,143307.0,45.2,intern,22.1
255,humfrid kubis,IT,2012-06-07 00:00:00,4.6,29439.0,94.15,management level,3.0
256,jayme gillibrand,Marketing,2002-12-29 00:00:00,2.7,92373.0,50.35,intern,18.0
257,adolphus vinck,IT,2006-11-08 00:00:00,3.8,85147.0,15.78,entry level,15.7
258,shirl ceresa,Sales,2016-10-08 00:00:00,2.6,85147.0,90.7,entry level,13.1
259,rance klamp,Marketing,2013-03-09 00:00:00,4.2,54583.0,23.04,entry level,14.1
260,harry louisot,Marketing,2010-06-25 00:00:00,1.5,135156.0,29.05,management level,5.4
261,leslie reaper,IT,2011-11-12 00:00:00,2.4,126875.0,65.06,mid level,3.8
262,anet habbergham,Sales,2005-03-22 00:00:00,4.6,124984.0,38.19,entry level,17.4
263,smitty giamuzzo,Marketing,2001-04-24 00:00:00,2.2,80006.0,38.61,entry level,13.3
264,selia hawkshaw,Finance,2007-01-18 00:00:00,2.2,138115.0,60.63,mid level,18.0
265,aura seamen,IT,2013-05-20 00:00:00,3.6,85147.0,56.6,mid level,10.7
266,wynne marunchak,IT,2001-02-13 00:00:00,3.7,111565.0,6.42,executive level,20.3
267,susannah airy,IT,2021-09-06 00:00:00,2.2,128757.0,51.71,entry level,1.1
268,katheryn bygrave,HR,2000-01-21 00:00:00,1.2,49021.0,23.05,mid level,23.2
269,deane bloore,Sales,2004-05-14 00:00:00,1.8,49478.0,61.37,entry level,14.6
270,jard mclardie,IT,2015-10-26 00:00:00,4.2,136555.0,45.6,management level,6.9
271,leah hagergham,HR,2020-12-14 00:00:00,1.8,128725.0,91.31,entry level,27.6
272,gale upsale,IT,2014-09-05 00:00:00,4.4,85147.0,98.72,mid level,9.4
273,pippy keilloh,IT,2009-02-11 00:00:00,1.6,85147.0,42.32,mid level,7.6
274,alexandrina vickars,Finance,2007-09-30 00:00:00,2.3,73148.0,21.41,management level,29.6
275,jillian gremane,Sales,2000-12-12 00:00:00,3.6,119792.0,6.03,intern,7.8
276,anderea arnould,Finance,2021-12-19 00:00:00,2.1,27920.0,93.13,intern,19.9
277,renie ennals,HR,2002-05-02 00:00:00,4.8,60166.0,4.64,intern,26.0
278,ainslie grutchfield,Marketing,2003-02-12 00:00:00,1.6,85147.0,22.93,entry level,18.5
279,almeria barradell,Marketing,2010-09-29 00:00:00,3.6,85147.0,52.42,entry level,4.1
280,timmy local,Marketing,2021-02-06 00:00:00,4.6,91834.0,69.95,intern,10.7
281,sonny stack,Finance,2015-04-12 00:00:00,2.4,43199.0,67.93,mid level,13.4
282,anallise haszard,IT,2020-12-27 00:00:00,1.1,52396.0,84.6,management level,20.7
283,janenna bellfield,HR,2004-02-02 00:00:00,1.4,126805.0,40.66,entry level,25.6
284,ev condell,Marketing,2004-08-25 00:00:00,2.9,118532.0,39.63,entry level,25.9
285,carola marco,Marketing,2014-03-12 00:00:00,2.5,123766.0,9.22,entry level,25.5
286,faythe mccall,IT,2007-11-26 00:00:00,4.0,144396.0,8.83,management level,12.5
287,xaviera buxsy,Marketing,2000-04-19 00:00:00,1.8,115599.0,25.26,intern,10.7
288,damaris ramirez,Marketing,2004-02-11 00:00:00,4.2,67140.0,15.2,intern,2.3
289,quillan carren,IT,2003-02-15 00:00:00,2.2,136277.0,44.07,management level,28.2
290,chaddie samson,HR,2005-03-18 00:00:00,1.7,120293.0,43.07,management level,21.6
291,amble addington,Marketing,2016-04-15 00:00:00,3.8,47120.0,12.93,intern,15.9
292,ilyssa voyce,HR,2020-08-20 00:00:00,4.5,103302.0,13.05,management level,17.1
293,ringo chippindale,Marketing,2007-09-08 00:00:00,2.9,32663.0,71.41,management level,15.9
294,marieann skynner,HR,2001-12-05 00:00:00,1.2,86789.0,69.15,entry level,24.9
295,hieronymus bankhurst,Marketing,2001-06-25 00:00:00,3.8,111853.0,65.32,executive level,12.3
296,skipton eliff,Sales,2016-02-24 00:00:00,2.7,52817.0,26.05,intern,19.9
297,chip bamlett,Sales,2010-12-17 00:00:00,4.4,140395.0,68.38,intern,18.1
298,dar kimberly,IT,2007-09-24 00:00:00,4.6,66633.0,44.34,entry level,17.9
299,mattie vokins,IT,2008-10-27 00:00:00,3.3,134999.0,1.92,intern,26.4
300,jdavie winfield,IT,2019-05-01 00:00:00,2.6,64743.0,25.47,management level,4.9
301,nessie surpliss,Sales,2015-10-05 00:00:00,1.3,34073.0,79.51,executive level,12.8
302,muffin huxter,Sales,2004-04-23 00:00:00,1.7,134478.0,54.48,executive level,18.2
303,francisca somerton,Marketing,2020-09-16 00:00:00,3.1,26702.0,2.96,mid level,25.6
304,catina kiddell,IT,2013-10-28 00:00:00,1.7,99257.0,16.71,executive level,7.1
305,olva estabrook,Sales,2021-09-24 00:00:00,3.4,72866.0,19.69,entry level,12.5
306,roderich iuorio,Finance,2018-05-15 00:00:00,2.5,85147.0,21.19,mid level,7.3
307,jesus delacroux,HR,2001-05-26 00:00:00,1.3,44628.0,28.78,executive level,4.5
308,nanete castellini,IT,2001-10-17 00:00:00,2.4,121524.0,93.28,management level,28.3
309,cara burtwell,Finance,2004-08-28 00:00:00,3.9,148412.0,33.58,management level,6.6
310,jolyn hofer,Sales,2005-05-18 00:00:00,2.9,147918.0,57.33,mid level,26.3
311,margaretta deamer,IT,2011-07-10 00:00:00,3.9,110937.0,75.47,executive level,6.0
312,benetta lohmeyer,HR,2011-02-22 00:00:00,3.5,27878.0,66.59,mid level,11.1
313,issiah zorer,HR,2011-10-11 00:00:00,4.6,135318.0,17.74,entry level,26.0
314,pascale johansson,HR,2008-10-09 00:00:00,2.8,89620.0,83.09,mid level,5.9
315,hiram grinsdale,HR,2014-02-22 00:00:00,1.6,102652.0,39.98,executive level,13.8
316,elga batchelder,IT,2018-05-17 00:00:00,4.5,85147.0,84.12,entry level,19.7
317,blakeley gritskov,Finance,2010-08-11 00:00:00,3.1,85147.0,34.08,management level,29.1
318,burnard stealy,Marketing,2002-03-08 00:00:00,1.7,20745.0,94.64,management level,9.6
319,electra hasel,Marketing,2013-11-21 00:00:00,3.5,127143.0,96.38,intern,14.5
320,alana westberg,Sales,2008-11-07 00:00:00,1.6,146141.0,32.75,intern,1.0
321,broderick thomton,IT,2002-08-31 00:00:00,3.5,117905.0,76.49,intern,5.3
322,mayor sidebotton,Sales,2019-05-16 00:00:00,3.6,100212.0,51.23,entry level,22.1
323,elijah lytell,IT,2010-10-17 00:00:00,4.0,85385.0,88.34,entry level,23.7
324,ibby clemens,Finance,2015-07-17 00:00:00,1.6,124821.0,77.93,executive level,7.6
325,leanna clitsome,Finance,2003-03-17 00:00:00,3.7,145011.0,76.99,entry level,11.8
326,marcelia gurg,Marketing,2006-10-01 00:00:00,1.9,122165.0,18.02,management level,29.0
327,lonnie rosas,HR,2019-03-16 00:00:00,1.2,45766.0,31.06,entry level,14.9
328,leeann de-ville,HR,2010-02-19 00:00:00,2.7,92564.0,53.26,mid level,9.0
329,salem berford,Finance,2006-10-11 00:00:00,2.8,136834.0,9.92,entry level,29.2
330,ellery novelli,Marketing,2016-11-12 00:00:00,1.2,60285.0,62.96,intern,0.5
331,sada ferraretto,Finance,2004-04-06 00:00:00,1.7,67034.0,55.99,intern,27.9
332,laurette brokenshaw,Marketing,2006-01-25 00:00:00,2.9,128247.0,15.26,intern,18.2
333,moises arpino,HR,2011-11-16 00:00:00,2.4,100041.0,75.31,entry level,4.3
334,lyda santarelli,Finance,2005-02-28 00:00:00,2.8,20799.0,4.6,mid level,21.9
335,alastair bambra,IT,2000-03-01 00:00:00,2.2,24975.0,67.93,management level,18.0
336,donnell lumbers,HR,2008-04-17 00:00:00,3.0,94985.0,3.41,intern,28.6
337,nomi fraser,Marketing,2022-10-06 00:00:00,3.5,68403.0,51.63,executive level,13.3
338,annalee mcandie,IT,2014-08-24 00:00:00,2.2,24288.0,70.99,management level,7.8
339,ive hurich,HR,2007-12-15 00:00:00,3.8,35610.0,19.31,executive level,20.5
340,boigie scotchbourouge,Marketing,2006-04-26 00:00:00,3.7,23876.0,50.39,entry level,23.9
341,bob macanulty,Sales,2000-01-31 00:00:00,1.9,148384.0,71.83,management level,16.7
342,frederick buckthorp,Sales,2006-10-07 00:00:00,3.9,97252.0,82.56,executive level,28.0
343,phyllys duligall,HR,2011-10-26 00:00:00,4.8,52734.0,62.96,intern,13.9
344,barth kean,Sales,2013-01-28 00:00:00,4.4,40119.0,5.13,management level,29.2
345,dominique turpie,Marketing,2005-12-12 00:00:00,5.0,85147.0,52.58,mid level,22.3
346,edmund swaile,Finance,2022-05-31 00:00:00,4.3,58529.0,62.92,management level,6.7
347,kristian bourgaize,Sales,2013-03-15 00:00:00,2.2,136832.0,78.52,intern,19.0
348,roth annandale,Finance,2014-06-04 00:00:00,1.8,127942.0,90.14,mid level,19.1
349,crin tadman,HR,2005-08-13 00:00:00,2.2,21521.0,29.47,mid level,12.0
350,barbie dovidaitis,HR,2000-03-11 00:00:00,4.1,40772.0,73.83,entry level,26.3
351,violette mugglestone,IT,2014-09-11 00:00:00,1.1,36160.0,82.47,management level,18.8
352,ailsun prichard,IT,2004-11-30 00:00:00,3.1,85147.0,10.16,management level,24.0
353,vivi bakhrushkin,Sales,2011-04-25 00:00:00,4.1,49557.0,11.14,mid level,27.3
354,margy sandercroft,Finance,2020-01-16 00:00:00,4.9,118318.0,10.72,management level,5.5
355,darsie frankcom,IT,2000-10-16 00:00:00,3.5,25609.0,99.6,executive level,16.5
356,russ klebes,Sales,2002-04-17 00:00:00,4.5,135761.0,82.3,entry level,18.6
357,ricardo gavin,HR,2002-05-03 00:00:00,1.5,30868.0,97.83,executive level,25.8
358,artair backshell,Finance,2000-11-12 00:00:00,4.4,76120.0,73.58,intern,11.9
359,mitchel dreier,IT,2015-10-20 00:00:00,1.3,128774.0,63.7,mid level,15.3
360,yurik mandell,Sales,2017-05-29 00:00:00,2.2,85488.0,26.71,management level,13.0
361,obie moran,HR,2011-11-25 00:00:00,2.6,96415.0,12.0,mid level,20.0
362,jenna wehnerr,HR,2005-03-17 00:00:00,1.8,135783.0,1.59,intern,28.6
363,mahala whitwell,IT,2022-03-06 00:00:00,2.2,64380.0,2.68,entry level,20.9
364,tobi stoven,IT,2014-05-12 00:00:00,2.2,83708.0,79.3,entry level,18.1
365,myron sorby,IT,2004-01-06 00:00:00,5.0,54989.0,22.08,entry level,6.9
366,tommi hassall,HR,2001-04-10 00:00:00,2.7,22031.0,47.68,executive level,20.7
367,kacy skellen,Sales,2014-08-19 00:00:00,2.1,63818.0,23.11,management level,2.9
368,kayle faulder,IT,2017-08-21 00:00:00,3.8,85147.0,11.8,intern,18.8
369,jocelin tebbe,IT,2015-08-25 00:00:00,3.2,102300.0,28.2,management level,29.6
370,lydon dumpleton,Sales,2009-07-31 00:00:00,3.8,94104.0,11.63,executive level,17.6
371,nanice ellerbeck,IT,2021-08-24 00:00:00,1.7,28527.0,55.37,management level,28.8
372,sophia wenban,HR,2010-10-12 00:00:00,4.2,119005.0,28.91,entry level,19.4
373,paloma cassimer,Marketing,2016-10-02 00:00:00,1.2,56765.0,57.21,intern,11.6
374,fiorenze ratledge,HR,2007-11-19 00:00:00,4.6,100534.0,48.88,executive level,28.1
375,hakim hakking,Marketing,2003-10-24 00:00:00,4.3,119009.0,88.44,intern,15.6
376,ingar connah,HR,2004-06-23 00:00:00,1.7,74128.0,55.97,mid level,13.6
377,cherish lujan,Finance,2013-05-24 00:00:00,2.4,64626.0,37.8,mid level,11.9
378,saudra fordham,Sales,2021-01-15 00:00:00,3.8,102594.0,37.54,executive level,25.8
379,allister robuchon,Marketing,2018-03-07 00:00:00,4.8,105404.0,77.11,executive level,13.9
380,idelle damper,Marketing,2006-08-23 00:00:00,1.7,111499.0,4.21,mid level,20.1
381,cornelle antoniottii,Finance,2019-06-05 00:00:00,4.2,120869.0,98.95,management level,2.5
382,renata forrest,Sales,2007-02-06 00:00:00,1.7,52993.0,88.25,management level,11.8
383,alene brecon,IT,2000-08-06 00:00:00,3.9,47412.0,27.58,entry level,26.3
384,earle eccleshare,Sales,2006-07-26 00:00:00,3.5,133435.0,91.04,entry level,4.7
385,aimee molden,Finance,2015-03-11 00:00:00,1.9,116100.0,32.55,entry level,15.8
386,loree tuxell,HR,2020-01-25 00:00:00,4.8,114272.0,68.71,executive level,10.2
387,eben vanns,Sales,2011-05-17 00:00:00,4.4,58214.0,24.81,executive level,25.2
388,price pizer,HR,2000-12-19 00:00:00,4.7,85147.0,19.5,intern,15.7
389,farah berrisford,IT,2009-10-30 00:00:00,1.7,28710.0,74.37,intern,29.4
390,sancho schukraft,IT,2013-03-19 00:00:00,3.8,54361.0,22.07,intern,6.0
391,fairlie pinchin,IT,2016-03-10 00:00:00,4.3,133253.0,77.34,mid level,2.3
392,alvis harber,Sales,2005-02-12 00:00:00,1.6,41775.0,81.92,intern,17.1
393,stacee halpen,Marketing,2000-07-11 00:00:00,4.0,96380.0,62.78,executive level,8.4
394,kippy symons,HR,2014-09-07 00:00:00,1.5,91925.0,21.05,intern,19.2
395,shannan fishenden,Finance,2008-01-07 00:00:00,1.3,147564.0,46.74,mid level,27.2
396,adams piercey,Sales,2011-06-04 00:00:00,3.0,72223.0,33.4,management level,6.0
397,paten mulles,IT,2013-08-13 00:00:00,4.5,61439.0,21.07,executive level,10.2
398,delmar greenland,IT,2004-08-11 00:00:00,2.6,20703.0,33.54,executive level,25.1
399,margie yakovlev,HR,2000-09-02 00:00:00,3.6,103969.0,65.09,management level,21.9
400,rafael langthorne,Marketing,2001-10-02 00:00:00,3.5,50352.0,25.1,executive level,2.1
401,amanda bawcock,Finance,2007-05-01 00:00:00,3.8,85730.0,33.84,management level,22.9
402,deva vallens,IT,2022-03-22 00:00:00,3.9,128620.0,48.51,intern,6.1
403,amabelle geraudel,Finance,2015-02-19 00:00:00,1.2,144316.0,62.02,intern,18.5
404,robena holbie,HR,2006-11-22 00:00:00,1.4,30925.0,63.28,executive level,28.9
405,laure scrowton,Finance,2015-01-10 00:00:00,1.5,143639.0,97.22,management level,19.5
406,pennie tolfrey,Marketing,2022-01-04 00:00:00,3.2,71976.0,3.21,mid level,7.2
407,carolus ivashkin,Marketing,2020-09-24 00:00:00,2.5,66066.0,66.9,management level,20.8
408,rodney d' eye,Finance,2002-05-23 00:00:00,2.1,73796.0,56.17,management level,4.4
409,yorke muress,Sales,2019-09-11 00:00:00,1.2,62580.0,77.57,management level,24.0
410,cosetta hylden,HR,2006-12-09 00:00:00,3.5,99839.0,84.33,management level,5.7
411,cirillo mogra,HR,2017-12-16 00:00:00,4.0,124209.0,47.54,intern,29.6
412,lexie richardt,Finance,2014-09-06 00:00:00,1.6,48823.0,60.33,management level,4.7
413,elwira farthing,Marketing,2014-04-01 00:00:00,2.4,64458.0,91.81,mid level,11.2
414,kimmy stanfield,Sales,2010-05-09 00:00:00,2.7,129170.0,12.1,entry level,19.2
415,syman bartczak,IT,2019-12-24 00:00:00,1.0,77722.0,75.95,management level,5.1
416,michail amyes,IT,2020-07-15 00:00:00,2.4,20872.0,23.86,management level,26.0
417,farah dellenbach,HR,2003-10-23 00:00:00,4.1,51066.0,71.32,executive level,12.7
418,spence dales,Sales,2009-03-20 00:00:00,4.0,121319.0,14.27,executive level,21.8
419,toby worstall,Sales,2018-06-21 00:00:00,2.9,115922.0,5.14,mid level,8.6
420,devon krysztofiak,Sales,2014-04-14 00:00:00,1.4,99814.0,49.35,executive level,22.8
421,dud lohan,Marketing,2013-09-02 00:00:00,4.2,123397.0,27.17,management level,15.5
422,jennica kirkbride,Sales,2020-09-17 00:00:00,3.6,141007.0,6.24,intern,29.3
423,lisha rummery,IT,2019-04-08 00:00:00,1.0,45673.0,10.6,management level,23.8
424,karmen telezhkin,Marketing,2010-10-20 00:00:00,1.1,85147.0,53.93,entry level,19.0
425,yevette mantrip,Marketing,2003-10-29 00:00:00,3.7,84540.0,6.14,intern,20.0
426,shaylyn cavet,Finance,2005-02-06 00:00:00,1.5,75291.0,65.79,mid level,5.8
427,genna nuzzetti,Sales,2010-03-16 00:00:00,2.4,85147.0,97.54,intern,20.3
428,lezlie longdon,Marketing,2021-11-19 00:00:00,3.9,69382.0,95.51,intern,17.4
429,marget snoad,Marketing,2003-01-17 00:00:00,3.1,26000.0,72.35,mid level,2.2
430,rianon mcmorran,Finance,2000-10-16 00:00:00,2.1,125727.0,48.09,intern,21.9
431,chrysa toynbee,Sales,2009-05-20 00:00:00,4.2,74900.0,97.65,management level,5.0
432,avis matzel,Finance,2008-02-03 00:00:00,3.2,84090.0,59.7,management level,28.2
433,levon southan,IT,2000-09-06 00:00:00,1.1,85147.0,71.33,executive level,12.2
434,marja freake,IT,2019-06-23 00:00:00,5.0,121075.0,93.29,executive level,24.7
435,joana swadlen,Sales,2005-06-17 00:00:00,2.9,90558.0,67.73,entry level,14.1
436,erek armall,HR,2022-01-20 00:00:00,2.1,94898.0,19.09,entry level,2.5
437,kristofor potes,IT,2014-06-23 00:00:00,3.2,116915.0,2.98,management level,23.4
438,reinwald blagbrough,Finance,2017-06-07 00:00:00,4.9,52948.0,50.35,executive level,7.9
439,paolina govern,Sales,2021-11-11 00:00:00,3.9,49818.0,86.4,mid level,15.8
440,ethelin goodfellowe,Sales,2006-01-08 00:00:00,1.0,105777.0,54.69,intern,13.6
441,luise korneev,Finance,2003-12-08 00:00:00,3.3,115140.0,40.23,executive level,30.0
442,cathyleen scorey,Sales,2009-10-04 00:00:00,4.9,85147.0,62.8,executive level,14.1
443,morty toderbrugge,HR,2000-06-25 00:00:00,2.0,115722.0,58.29,management level,24.3
444,ailbert ruskin,HR,2014-05-17 00:00:00,1.5,54093.0,87.46,entry level,19.0
445,wolfy stanyan,Marketing,2018-02-22 00:00:00,3.7,57180.0,37.67,intern,3.4
446,alwyn beadham,IT,2015-02-12 00:00:00,4.9,78125.0,64.1,intern,3.6
447,clint dishmon,Marketing,2006-04-05 00:00:00,2.0,85147.0,38.55,intern,19.4
448,gabriellia balazin,HR,2007-05-29 00:00:00,3.3,44027.0,94.94,mid level,2.9
449,marjie godar,Sales,2017-09-20 00:00:00,4.6,129529.0,75.53,management level,20.0
450,babb kingswood,Finance,2022-02-21 00:00:00,2.7,65867.0,84.26,intern,5.8
451,claude threadgall,Marketing,2001-02-13 00:00:00,2.9,35931.0,14.73,intern,4.0
452,chrisse baldazzi,Finance,2002-08-21 00:00:00,3.5,77882.0,90.66,mid level,9.2
453,jeremie greenside,IT,2011-07-02 00:00:00,2.8,107881.0,59.14,intern,8.1
454,daisy treppas,HR,2004-08-03 00:00:00,3.3,54178.0,90.04,executive level,27.5
455,bunni hinstridge,Marketing,2014-03-29 00:00:00,4.8,35523.0,28.29,entry level,12.0
456,augustin ortells,IT,2007-08-30 00:00:00,1.4,129642.0,89.99,entry level,14.9
457,sophronia bemment,Sales,2005-01-20 00:00:00,3.8,137900.0,89.66,entry level,14.4
458,philbert kinsett,Marketing,2017-06-11 00:00:00,3.8,85147.0,28.5,entry level,16.2
459,nolly ramshay,IT,2017-07-23 00:00:00,1.2,47571.0,53.38,executive level,26.4
460,felicle soaper,HR,2008-04-05 00:00:00,4.8,35569.0,97.03,intern,19.1
461,egbert crassweller,HR,2002-05-09 00:00:00,1.8,85147.0,14.83,intern,16.2
462,philipa bryan,Marketing,2014-08-09 00:00:00,3.8,126457.0,0.98,executive level,16.0
463,nichole lampen,IT,2004-03-03 00:00:00,4.3,41134.0,3.9,executive level,12.6
464,debor crittal,Sales,2011-10-27 00:00:00,4.9,114934.0,74.51,executive level,20.9
465,lucius allder,HR,2005-10-16 00:00:00,5.0,69111.0,37.94,mid level,0.2
466,devland ewbanche,Marketing,2009-12-12 00:00:00,4.2,33488.0,9.4,mid level,7.0
467,rod hegerty,Sales,2010-04-23 00:00:00,4.9,85147.0,68.6,mid level,1.3
468,findley jacqueminet,Marketing,2006-05-13 00:00:00,4.7,85889.0,47.55,intern,16.2
469,jermaine golsby,Sales,2005-03-23 00:00:00,1.3,39802.0,95.83,entry level,29.3
470,mervin duckham,Sales,2007-05-19 00:00:00,1.4,43966.0,45.06,mid level,29.6
471,niall hanrahan,IT,2002-03-24 00:00:00,4.1,43051.0,90.05,entry level,10.4
472,cheston dolley,IT,2016-03-01 00:00:00,1.9,42299.0,38.94,executive level,6.4
473,janos elmar,HR,2003-03-29 00:00:00,1.2,85147.0,13.96,intern,24.6
474,mariel parfett,Finance,2002-08-20 00:00:00,1.0,119802.0,14.39,entry level,26.7
475,doe martill,Sales,2017-03-31 00:00:00,4.7,29871.0,35.41,mid level,28.5
476,kym tommeo,Marketing,2001-06-29 00:00:00,3.6,61822.0,97.1,intern,9.2
477,connie kanter,Finance,2000-10-12 00:00:00,1.0,62376.0,20.38,executive level,28.1
478,rudyard daal,IT,2012-08-23 00:00:00,3.0,118814.0,24.9,intern,13.7
479,janella tuhy,Sales,2004-01-08 00:00:00,2.1,127862.0,32.19,executive level,16.7
480,gennifer derrell,Finance,2000-07-21 00:00:00,2.7,132001.0,35.4,management level,6.0
481,eveleen getcliffe,HR,2001-11-09 00:00:00,2.5,37163.0,99.55,management level,12.3
482,prinz cambling,Finance,2013-12-05 00:00:00,2.9,78289.0,98.01,mid level,24.5
483,rycca furmedge,IT,2021-02-24 00:00:00,1.6,142751.0,11.4,intern,9.7
484,ulises charrier,IT,2017-05-19 00:00:00,3.9,134617.0,17.51,intern,15.7
485,cynthie booton,Finance,2002-09-26 00:00:00,4.1,132235.0,55.51,management level,10.9
486,evania wathall,Finance,2011-06-07 00:00:00,3.9,35530.0,22.0,mid level,11.7
487,truman walton,HR,2015-06-24 00:00:00,2.6,49557.0,89.07,mid level,13.6
488,taryn shovel,HR,2017-01-19 00:00:00,3.5,104310.0,49.64,mid level,2.3
489,jorrie ravenhill,Marketing,2014-11-23 00:00:00,1.2,96117.0,52.18,intern,16.5
490,may mcsherry,Finance,2020-08-24 00:00:00,3.5,85568.0,49.95,mid level,18.3
491,ruttger drinkel,Finance,2016-12-02 00:00:00,2.1,111901.0,56.27,intern,3.0
492,jaquelyn macbarron,Finance,2005-04-28 00:00:00,1.5,65616.0,8.5,entry level,19.5
493,devina constable,Marketing,2012-04-28 00:00:00,3.4,105694.0,46.63,management level,9.6
494,josephina shipperbottom,IT,2017-02-05 00:00:00,1.2,70933.0,87.34,intern,15.8
495,august aishford,HR,2017-11-07 00:00:00,1.3,137258.0,16.1,mid level,20.1
496,arri oldcroft,Finance,2006-05-09 00:00:00,2.0,119183.0,29.73,executive level,6.4
497,roderick wasielewski,HR,2019-11-24 00:00:00,1.2,106470.0,60.49,executive level,27.2
498,roi rosenfarb,IT,2007-12-28 00:00:00,4.9,85147.0,34.96,mid level,5.7
499,felipe handes,IT,2010-03-18 00:00:00,1.7,85147.0,10.02,executive level,1.8
500,sibelle rimbault,Finance,2002-11-20 00:00:00,3.9,137817.0,76.92,intern,0.9
501,patti de merida,HR,2004-04-19 00:00:00,2.1,149045.0,9.34,mid level,5.0
502,genia inkle,Finance,2016-12-04 00:00:00,2.8,20219.0,42.82,entry level,12.3
503,valera tatnell,Sales,2003-12-12 00:00:00,4.9,85352.0,3.89,management level,6.6
504,elfrida ambroz,Finance,2019-08-26 00:00:00,2.9,29615.0,36.78,management level,29.9
505,cobb lannon,IT,2009-07-22 00:00:00,1.4,91851.0,41.17,management level,19.0
506,cordy eathorne,IT,2016-01-06 00:00:00,4.8,85147.0,99.03,intern,22.1
507,gasper drinkwater,Sales,2016-02-13 00:00:00,4.8,70655.0,73.72,entry level,23.0
508,annis nolin,Marketing,2009-01-04 00:00:00,3.7,85147.0,5.85,intern,29.6
509,maryl andino,Finance,2004-01-28 00:00:00,4.6,70379.0,64.73,management level,2.1
510,gussie balf,IT,2006-04-24 00:00:00,3.5,22782.0,31.23,mid level,8.1
511,issi gurnay,Marketing,2004-10-23 00:00:00,4.8,108677.0,46.11,executive level,7.8
512,halette dranfield,HR,2015-04-19 00:00:00,1.1,65193.0,54.64,entry level,22.4
513,ilyse frith,IT,2012-09-07 00:00:00,4.4,101219.0,92.41,entry level,3.8
514,mariana blune,Finance,2014-11-29 00:00:00,1.8,85147.0,40.78,management level,16.8
515,northrup myner,IT,2003-07-15 00:00:00,1.3,98428.0,97.77,executive level,16.4
516,asia comford,Finance,2005-03-08 00:00:00,1.7,53899.0,50.94,intern,3.4
517,jenny hessel,Marketing,2017-01-03 00:00:00,3.3,67010.0,97.47,executive level,7.2
518,cary campe,HR,2015-08-05 00:00:00,4.4,85147.0,77.92,mid level,18.4
519,ty secrett,Sales,2010-06-26 00:00:00,4.3,44814.0,12.3,executive level,18.1
520,jocko macririe,HR,2020-11-20 00:00:00,1.2,85147.0,96.98,management level,12.4
521,austin krop,Finance,2003-05-29 00:00:00,2.1,82700.0,68.72,entry level,4.9
522,chris quilty,HR,2004-08-18 00:00:00,1.4,93713.0,28.31,management level,18.7
523,burke tydd,Sales,2019-03-01 00:00:00,4.7,47611.0,42.56,intern,11.4
524,stella waber,Finance,2010-07-19 00:00:00,1.7,36494.0,97.6,entry level,10.2
525,meridith deshorts,HR,2010-01-07 00:00:00,2.6,36325.0,78.83,executive level,11.1
526,carmelita stormont,Marketing,2021-08-22 00:00:00,3.3,46169.0,19.86,executive level,24.4
527,karina rangeley,Marketing,2018-01-23 00:00:00,2.5,104209.0,68.38,executive level,26.1
528,genevra yakunchikov,Marketing,2015-12-12 00:00:00,3.4,78754.0,12.03,intern,25.0
529,rosalinda goodisson,Sales,2000-07-08 00:00:00,4.9,114393.0,98.7,management level,7.2
530,mikol dooman,Finance,2012-06-03 00:00:00,2.5,85556.0,12.5,executive level,13.4
531,juan choffin,Sales,2019-05-07 00:00:00,4.0,85147.0,48.93,mid level,22.8
532,gabriel pegler,Finance,2000-09-16 00:00:00,3.1,101358.0,33.88,executive level,20.0
533,johannah ducarme,IT,2009-11-10 00:00:00,4.7,99188.0,31.03,entry level,28.2
534,bride tilby,HR,2005-03-10 00:00:00,3.6,85147.0,3.75,management level,4.8
535,obediah groll,Sales,2005-04-08 00:00:00,4.8,49980.0,29.32,entry level,7.3
536,cart klishin,Marketing,2000-04-22 00:00:00,1.2,104236.0,75.4,mid level,27.9
537,petrina paik,Marketing,2002-02-13 00:00:00,1.6,122880.0,63.66,mid level,3.8
538,enrico huzzay,Sales,2008-02-07 00:00:00,4.3,79519.0,22.06,management level,20.3
539,philipa mclernon,Sales,2005-01-04 00:00:00,2.4,74390.0,66.65,mid level,3.9
540,candra ditty,Sales,2008-05-30 00:00:00,1.9,24031.0,89.39,executive level,1.3
541,jilli gounet,Marketing,2014-05-06 00:00:00,4.4,130526.0,88.67,entry level,18.4
542,izzy ottewill,Sales,2012-05-31 00:00:00,4.6,38702.0,60.11,entry level,28.5
543,jilly molohan,Marketing,2007-11-17 00:00:00,2.6,37836.0,49.0,intern,7.5
544,marcela waddicor,IT,2008-10-30 00:00:00,4.0,65507.0,30.08,mid level,15.4
545,regan buckam,Sales,2002-04-25 00:00:00,3.9,85147.0,24.74,entry level,28.8
546,aguste smedmoor,HR,2001-10-10 00:00:00,2.1,146286.0,27.36,intern,26.5
547,gayelord olcot,Sales,2008-08-21 00:00:00,2.8,61681.0,42.91,intern,22.2
548,lisette mccathy,Finance,2004-01-31 00:00:00,1.2,50341.0,14.98,intern,12.6
549,kermie woodroofe,HR,2021-10-05 00:00:00,2.9,75194.0,29.19,management level,5.6
550,lilas dregan,Sales,2004-02-10 00:00:00,2.7,102290.0,22.33,management level,16.8
551,ulrika braney,IT,2015-11-13 00:00:00,2.5,60682.0,16.12,mid level,1.3
552,moss roscamps,HR,2007-06-23 00:00:00,3.1,130495.0,35.12,intern,8.6
553,ike spiby,IT,2015-11-16 00:00:00,2.3,74399.0,71.04,intern,20.2
554,zsazsa crebo,IT,2017-01-14 00:00:00,4.0,127368.0,48.99,management level,16.9
555,kirk gogay,IT,2012-12-07 00:00:00,1.1,43411.0,95.6,executive level,29.7
556,leonie kenrick,HR,2015-12-31 00:00:00,4.1,133626.0,69.13,executive level,9.5
557,thaine semple,Marketing,2021-08-27 00:00:00,1.8,105275.0,9.22,executive level,16.2
558,ondrea naden,Marketing,2001-10-12 00:00:00,3.0,63514.0,78.24,management level,21.2
559,elise o'teague,IT,2002-12-19 00:00:00,4.5,101084.0,18.35,executive level,17.0
560,wilburt deelay,Sales,2006-05-09 00:00:00,3.2,87869.0,25.87,entry level,13.9
561,hakeem carss,Finance,2000-09-30 00:00:00,4.3,76996.0,62.15,mid level,20.2
562,blakelee kettleson,IT,2010-11-29 00:00:00,2.7,88987.0,88.16,entry level,26.5
563,susannah stonelake,Sales,2022-09-23 00:00:00,4.4,66699.0,44.87,intern,25.1
564,avery nelm,Marketing,2011-10-12 00:00:00,2.1,130459.0,18.06,management level,20.2
565,julianna gilliam,HR,2008-01-26 00:00:00,1.7,62842.0,27.59,entry level,0.9
566,juliane wynett,Marketing,2015-04-04 00:00:00,3.1,102854.0,57.92,intern,2.4
567,margaret saltsberg,Sales,2011-02-23 00:00:00,4.3,120567.0,86.5,executive level,15.0
568,virgina dewi,IT,2005-07-22 00:00:00,4.5,99068.0,17.17,executive level,17.3
569,anthia thurlby,IT,2015-02-15 00:00:00,1.4,85147.0,86.86,intern,3.9
570,caroline pawlicki,HR,2019-09-16 00:00:00,4.3,66481.0,67.19,executive level,3.7
571,kale skett,HR,2015-02-11 00:00:00,1.4,39121.0,35.61,executive level,28.8
572,benedict mcmonnies,IT,2013-08-23 00:00:00,2.9,131029.0,61.78,management level,1.1
573,gradeigh le sarr,Sales,2017-02-08 00:00:00,3.4,37054.0,3.56,mid level,11.8
574,nanni emblow,HR,2020-07-21 00:00:00,3.9,146515.0,16.5,executive level,9.5
575,peterus danes,Marketing,2001-04-02 00:00:00,4.2,76214.0,22.89,mid level,1.4
576,abel segebrecht,HR,2005-07-16 00:00:00,3.9,85147.0,6.93,mid level,6.1
577,staffard vidineev,IT,2009-05-14 00:00:00,2.1,148524.0,81.32,entry level,18.6
578,mort gaul,Sales,2001-03-02 00:00:00,2.9,105386.0,25.84,mid level,27.5
579,kalinda windmill,Finance,2000-02-03 00:00:00,2.2,146961.0,15.43,intern,0.9
580,renato hughes,Marketing,2009-08-12 00:00:00,3.7,119986.0,60.15,mid level,28.3
581,lilyan carradice,Marketing,2018-01-08 00:00:00,1.9,78891.0,81.6,entry level,26.5
582,selby sheehan,Finance,2015-03-30 00:00:00,4.5,130026.0,53.42,executive level,19.9
583,perren portsmouth,HR,2014-08-10 00:00:00,2.3,116764.0,40.04,executive level,18.9
584,harlie mcintosh,IT,2005-03-18 00:00:00,3.5,31506.0,47.48,mid level,15.0
585,gwenore blunn,Finance,2001-07-26 00:00:00,3.4,85147.0,24.87,executive level,19.4
586,joel giraldon,Sales,2016-01-01 00:00:00,3.3,105537.0,65.55,intern,12.9
587,ferrell willavoys,HR,2009-01-10 00:00:00,4.4,21042.0,82.66,entry level,5.9
588,carly coverly,Marketing,2004-10-19 00:00:00,1.2,59179.0,6.25,management level,11.8
589,stafani smullin,IT,2001-03-30 00:00:00,2.7,26776.0,97.16,entry level,2.4
590,courtenay de moreno,Marketing,2010-02-07 00:00:00,4.5,117028.0,28.13,management level,8.1
591,karylin maytum,IT,2002-04-16 00:00:00,4.6,137135.0,72.75,mid level,13.7
592,huntlee primarolo,IT,2012-10-26 00:00:00,1.4,85147.0,79.77,intern,5.6
593,ced templar,Marketing,2021-03-25 00:00:00,2.4,85147.0,77.26,intern,13.1
594,granville delort,Sales,2014-12-24 00:00:00,3.5,106984.0,80.45,intern,24.1
595,korrie crummay,Marketing,2013-12-21 00:00:00,3.1,69953.0,92.38,intern,5.7
596,philippa lippatt,Sales,2002-01-02 00:00:00,5.0,85147.0,22.25,mid level,19.9
597,towny pigeon,Sales,2015-02-21 00:00:00,4.6,88431.0,96.09,mid level,28.4
598,gale rushworth,HR,2020-12-16 00:00:00,1.6,138654.0,59.66,management level,15.1
599,reagan rathbone,Sales,2008-11-04 00:00:00,1.4,126336.0,6.86,intern,12.5
600,tailor heibel,Marketing,2017-05-18 00:00:00,2.0,108975.0,43.35,intern,23.2
601,muhammad shedden,IT,2004-12-23 00:00:00,2.8,134819.0,61.97,executive level,8.1
602,buddie duferie,Marketing,2004-05-01 00:00:00,1.8,42730.0,5.2,intern,8.4
603,emylee gagin,HR,2003-08-31 00:00:00,2.5,142382.0,56.06,entry level,3.0
604,jose howey,Marketing,2016-11-21 00:00:00,2.8,85147.0,18.58,intern,11.8
605,marilee opy,Marketing,2011-05-14 00:00:00,2.7,137201.0,13.84,entry level,2.3
606,hesther cardenas,Sales,2001-11-28 00:00:00,4.2,69072.0,88.04,mid level,20.2
607,olvan lochead,HR,2010-12-26 00:00:00,3.8,137116.0,64.66,management level,2.6
608,julie zarfai,Marketing,2015-09-15 00:00:00,4.7,45946.0,35.57,executive level,17.0
609,fidela gilbert,Marketing,2005-09-01 00:00:00,1.7,141127.0,22.34,management level,15.9
610,florence macgrath,Marketing,2018-08-25 00:00:00,4.2,89409.0,71.95,intern,5.4
611,amata andrzejak,Marketing,2015-05-16 00:00:00,3.6,47975.0,54.86,entry level,17.5
612,nadia klejin,HR,2010-01-10 00:00:00,4.3,91408.0,63.73,intern,19.0
613,karlotta vales,Finance,2007-02-05 00:00:00,2.5,145145.0,88.2,mid level,1.1
614,gauthier foggo,Sales,2000-08-20 00:00:00,3.2,39815.0,67.14,intern,17.0
615,rossy pashan,IT,2014-01-28 00:00:00,4.5,124334.0,51.48,management level,29.3
616,bellanca leeburne,HR,2012-07-09 00:00:00,3.9,124452.0,3.57,management level,15.2
617,lyndsie smuth,Marketing,2005-01-13 00:00:00,2.3,42786.0,14.68,entry level,23.0
618,pearline clixby,Finance,2007-06-20 00:00:00,4.0,115223.0,57.78,mid level,9.5
619,maribel breawood,Finance,2012-08-23 00:00:00,4.2,50906.0,2.91,intern,17.8
620,myer dove,IT,2017-01-14 00:00:00,3.4,21326.0,46.31,intern,11.6
621,lurline sarfass,IT,2018-05-18 00:00:00,4.5,123556.0,93.42,mid level,28.4
622,rochella cardinal,Finance,2003-04-10 00:00:00,1.6,61230.0,35.78,entry level,4.7
623,augusto diprose,Sales,2005-01-18 00:00:00,2.8,79091.0,47.33,management level,26.4
624,whitman ragdale,IT,2014-12-19 00:00:00,2.6,129536.0,4.81,executive level,4.8
625,elicia mingay,Finance,2003-11-15 00:00:00,1.3,104139.0,83.23,management level,0.9
626,ricky duffer,HR,2017-10-23 00:00:00,4.4,34553.0,96.75,intern,9.2
627,jolyn verralls,Sales,2004-01-17 00:00:00,2.0,118733.0,52.77,intern,2.5
628,lacey dabourne,HR,2006-05-20 00:00:00,4.5,109106.0,38.05,intern,23.4
629,wynn bernier,IT,2005-05-12 00:00:00,4.2,85147.0,6.5,intern,29.1
630,rich oldham,Sales,2018-04-10 00:00:00,3.1,148767.0,5.78,executive level,1.9
631,andrej greber,HR,2021-04-27 00:00:00,1.2,85147.0,64.48,executive level,8.9
632,agna batcheldor,Finance,2011-08-21 00:00:00,4.3,31066.0,36.39,entry level,19.9
633,ailina goodrick,IT,2015-10-11 00:00:00,3.1,77093.0,89.05,entry level,15.6
634,zarah dovidaitis,IT,2005-10-25 00:00:00,1.1,90161.0,56.58,intern,8.2
635,vernen bitcheno,Finance,2019-10-30 00:00:00,1.2,80647.0,38.94,intern,8.7
636,oralle lothean,IT,2002-05-07 00:00:00,4.8,85147.0,29.85,entry level,0.2
637,luz gurwood,Marketing,2017-03-04 00:00:00,4.4,123813.0,48.13,mid level,6.7
638,emanuele creavan,Sales,2006-05-30 00:00:00,1.8,88925.0,65.96,executive level,25.7
639,alric bartosik,HR,2016-03-11 00:00:00,3.9,43700.0,6.86,entry level,23.7
640,jobina brant,Finance,2018-03-25 00:00:00,3.4,149195.0,9.51,intern,25.1
641,drucy duchart,IT,2002-12-13 00:00:00,4.2,85147.0,15.2,entry level,10.0
642,shirl dodding,Sales,2011-06-14 00:00:00,1.0,95331.0,86.83,executive level,22.3
643,shaylyn truse,HR,2018-05-02 00:00:00,1.9,39814.0,67.27,entry level,17.1
644,dermot purse,IT,2004-04-28 00:00:00,1.4,68900.0,86.25,entry level,24.7
645,evelyn beaufoy,Finance,2019-01-22 00:00:00,3.8,24103.0,82.77,management level,10.2
646,fallon lankford,HR,2005-07-08 00:00:00,4.5,136516.0,58.7,intern,18.6
647,tamera arnholz,IT,2007-03-03 00:00:00,2.9,94545.0,37.86,management level,12.1
648,bunni lurriman,Finance,2017-05-13 00:00:00,4.2,20119.0,86.49,executive level,13.7
649,amii mc elory,Marketing,2017-03-31 00:00:00,1.6,38492.0,61.08,management level,13.3
650,drake gerhardt,IT,2004-07-25 00:00:00,3.2,85147.0,66.73,intern,2.9
651,ike strickett,Finance,2021-03-27 00:00:00,3.5,85147.0,10.32,executive level,3.8
652,cherri robardley,Finance,2022-02-23 00:00:00,1.2,116181.0,51.7,mid level,18.6
653,clayson buzine,IT,2022-08-13 00:00:00,4.4,90788.0,49.23,mid level,5.6
654,jessalin luxen,Marketing,2020-06-11 00:00:00,2.6,56315.0,64.15,entry level,14.3
655,conny millward,IT,2006-09-03 00:00:00,3.9,46634.0,71.71,management level,28.6
656,agnese jonas,Marketing,2015-09-13 00:00:00,3.1,98796.0,47.52,entry level,0.0
657,kin toovey,Marketing,2017-03-12 00:00:00,3.9,83682.0,59.06,intern,7.3
658,michel castelijn,Sales,2003-11-16 00:00:00,4.3,105546.0,64.14,entry level,10.1
659,agretha thunder,IT,2002-11-23 00:00:00,4.9,113254.0,51.92,entry level,8.2
660,stanleigh scrivinor,Marketing,2002-04-09 00:00:00,4.1,85590.0,42.02,intern,24.2
661,tades vincent,HR,2015-02-28 00:00:00,4.5,64503.0,12.6,intern,0.7
662,catherin ridwood,Marketing,2017-12-20 00:00:00,2.6,42746.0,59.24,intern,3.5
663,parker siegertsz,HR,2012-10-10 00:00:00,4.1,147906.0,36.49,management level,20.8
664,lori tombs,Marketing,2009-07-19 00:00:00,2.2,47216.0,19.28,management level,13.3
665,miner seville,Sales,2017-09-16 00:00:00,2.8,139673.0,31.8,management level,18.8
666,rocky saterweyte,Marketing,2008-04-04 00:00:00,2.0,22282.0,37.13,entry level,6.0
667,blakeley foltin,Marketing,2018-09-30 00:00:00,2.1,63562.0,40.34,management level,20.9
668,sherline maslin,IT,2005-06-16 00:00:00,4.0,52589.0,32.14,entry level,0.2
669,annabella cowherd,Marketing,2018-01-10 00:00:00,2.7,114369.0,57.76,intern,29.3
670,martica sember,IT,2002-09-15 00:00:00,4.8,60296.0,43.62,entry level,14.4
671,godart felten,HR,2001-07-19 00:00:00,4.1,82955.0,77.04,executive level,25.0
672,dawna stephens,IT,2010-03-01 00:00:00,2.3,136705.0,22.21,executive level,4.6
673,siana hein,HR,2011-05-13 00:00:00,3.8,85533.0,51.93,management level,23.1
674,jehanna durrett,HR,2019-05-30 00:00:00,4.8,84846.0,17.78,mid level,3.4
675,theodore tomaello,Marketing,2013-05-22 00:00:00,2.7,142603.0,90.04,management level,19.2
676,miguelita rheaume,Sales,2014-07-16 00:00:00,2.7,144103.0,69.06,executive level,2.2
677,neville lande,IT,2014-03-09 00:00:00,2.2,26671.0,77.16,management level,28.3
678,horst birkwood,HR,2020-08-07 00:00:00,2.5,126176.0,21.34,management level,3.2
679,murray spafford,Finance,2021-02-13 00:00:00,3.6,65834.0,1.24,executive level,15.4
680,madelin feek,Marketing,2022-02-25 00:00:00,2.9,85804.0,35.9,executive level,11.7
681,leonie kearsley,Finance,2010-11-29 00:00:00,3.5,35713.0,91.02,management level,5.7
682,maison haston,Sales,2009-01-09 00:00:00,3.0,147801.0,43.44,management level,26.5
683,blair orriss,HR,2006-11-29 00:00:00,3.3,70507.0,99.97,management level,6.9
684,beverlee janikowski,IT,2013-01-28 00:00:00,2.5,59704.0,30.17,mid level,11.4
685,mose pratte,Finance,2008-10-18 00:00:00,4.7,60179.0,93.03,management level,10.6
686,sindee siemon,Finance,2001-02-05 00:00:00,1.2,39862.0,68.67,management level,18.0
687,tremayne davidescu,HR,2020-05-03 00:00:00,5.0,67355.0,53.31,intern,9.3
688,erskine venner,IT,2016-01-25 00:00:00,3.0,87330.0,2.52,entry level,24.6
689,bentley ansett,Sales,2020-09-25 00:00:00,2.9,78624.0,60.55,entry level,0.8
690,rubin hinckley,Sales,2010-08-14 00:00:00,1.0,121290.0,34.98,entry level,5.6
691,brennan brandreth,Sales,2001-08-14 00:00:00,1.1,97720.0,97.03,mid level,24.0
692,gabbi hildred,Finance,2015-12-28 00:00:00,4.2,85147.0,22.51,entry level,28.8
693,olin greest,IT,2012-04-29 00:00:00,2.5,28576.0,8.28,mid level,7.7
694,lizette braddick,Sales,2006-05-13 00:00:00,2.1,137735.0,4.27,mid level,12.1
695,job petrik,HR,2006-12-15 00:00:00,3.9,42911.0,3.76,mid level,1.6
696,mitchell fairburne,HR,2016-07-19 00:00:00,3.1,105362.0,4.39,mid level,18.7
697,doralin matterson,HR,2022-05-22 00:00:00,4.2,85147.0,36.65,mid level,4.7
698,roanne threadkell,HR,2007-08-07 00:00:00,1.1,82011.0,52.94,entry level,5.9
699,north whittingham,HR,2019-06-29 00:00:00,4.2,64862.0,7.77,executive level,11.1
700,monroe behrens,Sales,2004-12-23 00:00:00,3.2,74236.0,9.36,management level,13.8
701,rheba ridger,Sales,2012-05-20 00:00:00,2.5,68939.0,7.7,mid level,21.3
702,jarrad pantecost,HR,2017-02-12 00:00:00,2.4,82303.0,85.05,management level,20.7
703,brnaby grigoletti,Finance,2008-06-12 00:00:00,2.8,85147.0,61.48,mid level,4.9
704,charlot falconer,Sales,2009-11-16 00:00:00,3.6,31661.0,42.55,entry level,5.3
705,rolfe devita,Finance,2008-12-04 00:00:00,2.6,85147.0,80.09,management level,15.8
706,sorcha shevlin,Sales,2014-11-15 00:00:00,2.0,85147.0,64.48,entry level,30.0
707,elvyn jaye,IT,2001-12-17 00:00:00,2.9,39744.0,37.59,entry level,1.4
708,sholom assaf,HR,2001-08-20 00:00:00,2.7,78144.0,76.27,executive level,28.6
709,kevan rustan,Sales,2006-11-11 00:00:00,2.6,135256.0,33.38,entry level,17.5
710,oliver coughlan,IT,2000-09-18 00:00:00,2.7,120464.0,40.36,entry level,9.6
711,fania gomery,Marketing,2016-03-27 00:00:00,2.2,85147.0,69.98,entry level,5.5
712,christie langlois,Sales,2017-08-27 00:00:00,3.4,85147.0,82.39,management level,8.1
713,adaline delves,HR,2021-05-13 00:00:00,1.7,88661.0,98.59,entry level,14.4
714,oneida mcdyer,Sales,2011-01-11 00:00:00,4.9,27343.0,94.23,executive level,23.5
715,mahala standring,Marketing,2002-09-26 00:00:00,1.8,55307.0,15.23,intern,14.4
716,abdel pomfrey,HR,2003-04-17 00:00:00,1.5,26876.0,96.73,intern,11.7
717,sydney anwell,Finance,2009-12-19 00:00:00,1.2,85147.0,44.96,intern,27.6
718,nate doret,Marketing,2011-11-12 00:00:00,2.4,96501.0,42.67,intern,21.4
719,jackson maffione,Finance,2012-06-27 00:00:00,3.7,122947.0,87.29,executive level,17.9
720,melesa bowdon,IT,2005-03-03 00:00:00,4.1,74222.0,56.74,management level,26.2
721,wylie o'sesnane,Finance,2021-12-14 00:00:00,2.4,60977.0,81.43,mid level,1.0
722,karlie mercer,Sales,2021-04-04 00:00:00,3.1,49072.0,72.74,mid level,8.2
723,layney eronie,Marketing,2009-05-10 00:00:00,2.8,89284.0,30.56,management level,11.2
724,jaime skeggs,HR,2019-10-17 00:00:00,4.5,125205.0,67.69,intern,15.9
725,hildagarde fiddian,Sales,2002-10-24 00:00:00,3.4,131407.0,19.55,entry level,2.3
726,berenice braidley,HR,2001-06-18 00:00:00,1.2,123706.0,30.1,mid level,27.3
727,beau habershaw,Marketing,2017-03-02 00:00:00,3.9,148404.0,99.03,mid level,14.1
728,berky scatchar,HR,2013-02-14 00:00:00,3.0,71183.0,85.44,entry level,14.4
729,kaiser bartell,Sales,2011-09-05 00:00:00,4.6,47704.0,85.74,intern,5.9
730,wrennie calrow,Marketing,2020-11-02 00:00:00,1.4,46236.0,83.14,management level,28.2
731,isabelle pidgeley,IT,2012-02-10 00:00:00,2.3,94710.0,10.61,intern,16.9
732,daloris eusden,Sales,2015-10-22 00:00:00,3.6,138472.0,0.47,management level,0.9
733,terri rodger,HR,2014-12-30 00:00:00,2.5,120694.0,79.26,mid level,17.3
734,kynthia coste,Finance,2006-11-02 00:00:00,3.8,85147.0,7.43,entry level,20.9
735,ciel dinan,Marketing,2013-02-19 00:00:00,3.4,136110.0,87.61,entry level,9.1
736,lionel hainge,Sales,2021-04-25 00:00:00,2.2,24258.0,47.53,entry level,17.5
737,hymie mckeady,Marketing,2012-08-13 00:00:00,3.1,126141.0,92.4,intern,9.0
738,marvin de malchar,Marketing,2000-11-21 00:00:00,3.5,136408.0,1.55,intern,2.4
739,allis kerwen,IT,2020-12-13 00:00:00,3.6,33267.0,95.85,executive level,9.1
740,galvan fransoni,Sales,2016-07-20 00:00:00,3.9,96520.0,92.32,executive level,21.9
741,bettina raecroft,HR,2016-08-02 00:00:00,3.7,85147.0,43.11,intern,29.2
742,del cocher,Finance,2016-06-02 00:00:00,4.7,127632.0,86.65,mid level,14.3
743,pavla hudel,IT,2020-03-14 00:00:00,1.4,115728.0,70.84,entry level,0.0
744,joete persey,IT,2015-11-18 00:00:00,1.8,127974.0,57.58,management level,29.9
745,suzy thirkettle,IT,2006-02-26 00:00:00,1.0,20475.0,63.91,entry level,4.9
746,keary sawdon,Finance,2002-08-02 00:00:00,2.5,85147.0,5.77,entry level,22.0
747,elita trewman,Marketing,2022-10-02 00:00:00,3.9,81683.0,14.99,management level,3.6
748,caro gajewski,Marketing,2014-07-17 00:00:00,4.3,122362.0,72.97,intern,8.7
749,lamar hixson,Finance,2007-04-01 00:00:00,3.8,139518.0,35.81,mid level,12.4
750,neile rowlstone,Finance,2016-02-18 00:00:00,4.3,78726.0,50.75,mid level,12.0
751,nancy bourdice,Finance,2009-05-31 00:00:00,1.6,85147.0,87.78,executive level,2.5
752,ettore bonnesen,Sales,2000-04-25 00:00:00,2.1,99252.0,38.13,intern,27.6
753,sascha rubinshtein,Sales,2001-05-11 00:00:00,4.5,81641.0,88.16,intern,4.4
754,karylin pottes,IT,2016-02-01 00:00:00,2.1,100350.0,49.14,management level,21.9
755,martguerita hinrich,Sales,2012-05-21 00:00:00,1.4,68435.0,42.87,intern,0.6
756,tally punt,Sales,2021-01-28 00:00:00,4.4,41787.0,60.04,entry level,27.6
757,jessee o'sheerin,Sales,2018-11-02 00:00:00,3.2,55291.0,65.41,intern,14.8
758,jewell di biagio,Finance,2010-01-25 00:00:00,2.3,85147.0,19.7,entry level,16.4
759,sayre trattles,Marketing,2002-06-12 00:00:00,4.6,144058.0,3.9,intern,9.6
760,eben warlton,IT,2006-08-18 00:00:00,3.3,74532.0,24.77,intern,3.7
761,davie janaszkiewicz,IT,2000-04-06 00:00:00,4.7,30571.0,43.82,executive level,0.5
762,freddi inger,Sales,2020-05-28 00:00:00,3.5,51337.0,49.75,management level,10.3
763,northrop gabits,Marketing,2005-11-20 00:00:00,1.8,39059.0,45.67,management level,13.4
764,hubert mcgillecole,IT,2001-01-13 00:00:00,4.1,121603.0,30.64,management level,6.1
765,ryon o'doran,HR,2003-04-01 00:00:00,4.4,125882.0,86.35,intern,9.7
766,burnaby jouhan,Sales,2000-11-10 00:00:00,5.0,66250.0,25.67,management level,20.8
767,terza abbis,Finance,2009-12-14 00:00:00,4.8,52787.0,69.11,management level,7.0
768,claire lanfare,Sales,2020-07-24 00:00:00,1.1,33360.0,10.3,executive level,3.3
769,avrom petracchi,Marketing,2020-09-02 00:00:00,3.9,87706.0,0.1,management level,2.4
770,halli acres,Sales,2004-07-08 00:00:00,2.7,57624.0,94.57,mid level,21.3
771,tobit doerrling,HR,2005-09-25 00:00:00,2.8,118296.0,84.02,mid level,18.8
772,hunt armit,IT,2014-03-06 00:00:00,2.0,107243.0,71.12,entry level,19.0
773,gamaliel dee,Marketing,2017-08-01 00:00:00,3.1,85147.0,92.59,intern,9.3
774,georg luchelli,HR,2001-05-27 00:00:00,2.5,97956.0,7.68,intern,27.0
775,jose bembridge,HR,2004-04-12 00:00:00,4.2,20581.0,98.32,management level,20.4
776,lenore chong,Finance,2008-03-04 00:00:00,4.5,99800.0,95.84,mid level,1.0
777,jobye aldrin,IT,2018-08-28 00:00:00,1.7,57080.0,13.53,management level,8.7
778,maure matyasik,HR,2010-05-08 00:00:00,4.1,121947.0,68.58,executive level,22.3
779,wiatt anstie,Marketing,2010-01-27 00:00:00,3.8,78662.0,85.53,mid level,6.0
780,frederic zemler,IT,2011-12-22 00:00:00,2.8,67183.0,39.07,intern,19.0
781,candace wylie,Marketing,2005-01-09 00:00:00,1.2,32680.0,52.41,entry level,10.5
782,sherwynd muspratt,Sales,2010-05-07 00:00:00,2.9,122715.0,72.56,entry level,10.0
783,sully sargant,Finance,2018-09-12 00:00:00,3.6,75542.0,11.67,management level,2.6
784,kristos chesnay,HR,2012-04-15 00:00:00,2.4,38155.0,61.43,mid level,29.5
785,stanfield melbourne,IT,2011-04-26 00:00:00,4.3,135677.0,52.75,management level,21.0
786,slade kemmis,Finance,2000-01-07 00:00:00,2.6,40171.0,36.49,management level,22.8
787,lyssa piotr,Finance,2015-11-14 00:00:00,1.8,68396.0,69.55,management level,16.6
788,gwendolyn gopsill,Finance,2001-09-26 00:00:00,4.7,58738.0,52.14,executive level,5.4
789,vaclav kitching,HR,2007-12-20 00:00:00,2.8,139318.0,68.36,intern,29.7
790,lucita brister,Marketing,2007-08-24 00:00:00,2.7,85147.0,8.91,management level,17.1
791,ameline haccleton,Marketing,2014-05-24 00:00:00,1.1,20132.0,79.78,entry level,28.1
792,granthem walkey,Marketing,2018-06-28 00:00:00,2.9,77307.0,33.16,mid level,6.0
793,nealy dalliwater,HR,2007-06-14 00:00:00,3.0,54473.0,5.17,entry level,14.4
794,flore olorenshaw,Sales,2013-03-05 00:00:00,1.6,85147.0,51.25,mid level,13.3
795,leodora livens,Marketing,2001-12-01 00:00:00,1.5,89031.0,23.77,entry level,16.3
796,druci mainwaring,Sales,2008-04-02 00:00:00,2.2,85147.0,62.12,management level,14.1
797,ailina drewery,HR,2019-05-10 00:00:00,3.9,116306.0,19.08,entry level,24.8
798,currie schieferstein,Finance,2005-03-07 00:00:00,3.0,123744.0,69.58,mid level,8.4
799,enos conan,HR,2002-12-25 00:00:00,3.1,134499.0,6.32,executive level,17.3
800,jaquelin eliez,Marketing,2019-07-12 00:00:00,2.0,74261.0,71.75,mid level,19.0
801,meir haugg,Finance,2007-06-23 00:00:00,1.6,44832.0,94.19,mid level,0.6
802,rickie o'grogane,IT,2000-12-07 00:00:00,1.4,102899.0,81.74,management level,16.8
803,mitchell thomas,Marketing,2021-10-06 00:00:00,2.6,21823.0,35.48,intern,16.6
804,francine l'archer,IT,2004-11-28 00:00:00,1.6,85147.0,14.8,executive level,16.0
805,adrian firk,Finance,2017-09-10 00:00:00,2.4,22252.0,60.52,executive level,1.7
806,jobie davydoch,Marketing,2008-09-14 00:00:00,4.4,119966.0,32.25,executive level,15.6
807,beauregard zamora,HR,2006-05-29 00:00:00,4.4,74193.0,26.98,entry level,8.2
808,kat copeland,Marketing,2007-01-16 00:00:00,4.3,84881.0,59.25,intern,16.2
809,dulsea buckell,IT,2008-09-26 00:00:00,1.6,109257.0,91.69,mid level,3.4
810,adelice rothon,Sales,2014-11-12 00:00:00,3.6,122441.0,55.96,entry level,12.3
811,lila wey,IT,2021-03-04 00:00:00,1.7,111733.0,48.29,entry level,11.2
812,sofie trivett,Sales,2004-04-08 00:00:00,1.9,85147.0,30.68,executive level,11.2
813,isak busfield,Marketing,2022-03-20 00:00:00,1.2,117548.0,0.09,mid level,6.6
814,pieter hindes,Marketing,2017-08-22 00:00:00,1.3,110225.0,8.38,entry level,12.5
815,cammy stuckey,IT,2003-05-09 00:00:00,4.7,127709.0,39.67,mid level,1.1
816,arlene hardy-piggin,Finance,2006-08-11 00:00:00,3.4,70009.0,78.07,intern,12.7
817,jedidiah kilbee,HR,2004-10-02 00:00:00,2.4,85147.0,37.37,entry level,12.5
818,muriel tinn,Finance,2009-04-08 00:00:00,3.2,44438.0,65.15,mid level,9.3
819,swen nerney,Marketing,2011-06-29 00:00:00,3.5,126961.0,84.98,mid level,8.8
820,heidie christaeas,Finance,2017-02-06 00:00:00,4.2,96270.0,8.54,mid level,11.4
821,cherrita johnstone,Sales,2017-03-24 00:00:00,1.1,85147.0,54.15,intern,7.2
822,georg dallywater,Marketing,2007-09-19 00:00:00,2.5,76163.0,50.24,entry level,12.0
823,horacio drinkale,Sales,2013-01-26 00:00:00,1.7,112505.0,48.82,executive level,8.8
824,alyda koppens,Finance,2007-12-02 00:00:00,3.3,103016.0,16.99,executive level,8.7
825,arnuad gavrielli,Finance,2000-10-14 00:00:00,4.2,25865.0,19.96,management level,16.4
826,rosalind hollow,IT,2001-01-13 00:00:00,3.3,72549.0,55.98,management level,29.7
827,goldia palphreyman,Sales,2006-04-07 00:00:00,1.4,50130.0,36.42,entry level,3.2
828,kenna trevaskis,Marketing,2013-08-10 00:00:00,4.3,85147.0,48.9,entry level,10.5
829,amie stobo,Finance,2000-03-08 00:00:00,3.1,50323.0,24.05,mid level,19.8
830,carlita yoxen,Sales,2012-06-10 00:00:00,2.9,55097.0,92.62,mid level,2.1
831,cinderella vest,Sales,2007-08-12 00:00:00,4.3,101918.0,80.86,intern,2.5
832,phillis bladesmith,IT,2008-07-01 00:00:00,2.5,92690.0,49.28,mid level,12.1
833,shae willisch,HR,2016-10-04 00:00:00,1.5,81795.0,55.63,entry level,19.3
834,doro wyborn,Sales,2004-07-20 00:00:00,2.3,120255.0,16.16,executive level,16.0
835,merle simmill,Marketing,2018-03-17 00:00:00,4.8,146792.0,73.23,mid level,18.2
836,erin mcavaddy,IT,2016-12-25 00:00:00,3.7,133221.0,90.6,mid level,27.6
837,sophronia gohn,IT,2007-11-22 00:00:00,4.6,141308.0,0.63,management level,21.2
838,leland conerding,Marketing,2015-04-08 00:00:00,4.1,142585.0,55.56,management level,19.0
839,alvina nise,IT,2006-09-30 00:00:00,4.7,134912.0,69.93,intern,14.9
840,monroe bebbell,Marketing,2022-12-02 00:00:00,3.5,20966.0,1.98,entry level,9.4
841,kalli vickerman,HR,2021-11-09 00:00:00,4.5,98829.0,7.36,executive level,15.9
842,benedetta stansfield,IT,2012-06-16 00:00:00,3.4,134531.0,79.47,mid level,10.9
843,katerine thornber,Marketing,2003-07-23 00:00:00,1.5,124120.0,57.91,entry level,19.4
844,brigitta gealle,Marketing,2005-07-25 00:00:00,1.5,70734.0,82.26,executive level,15.1
845,caesar josh,Marketing,2016-06-04 00:00:00,2.0,110755.0,73.73,management level,16.1
846,andee moreing,HR,2014-02-14 00:00:00,4.1,74126.0,91.13,entry level,21.0
847,benita brushfield,IT,2006-08-28 00:00:00,1.4,83966.0,67.11,mid level,11.3
848,tanney ghiroldi,IT,2020-11-14 00:00:00,2.8,46803.0,2.19,intern,24.8
849,hershel normanville,IT,2008-10-09 00:00:00,4.1,49818.0,30.35,executive level,20.4
850,baudoin vernazza,Finance,2021-02-09 00:00:00,3.9,105056.0,12.65,entry level,11.1
851,shandeigh trusty,Marketing,2020-09-03 00:00:00,4.2,48801.0,85.55,intern,16.0
852,allianora hughland,Sales,2010-05-26 00:00:00,3.5,80060.0,63.7,mid level,27.4
853,sherill vero,Sales,2012-06-13 00:00:00,2.0,85147.0,63.68,entry level,1.0
854,ardys ingerith,Marketing,2020-10-28 00:00:00,3.9,23805.0,50.39,entry level,11.0
855,dosi carah,HR,2006-04-10 00:00:00,3.4,74998.0,38.33,intern,7.2
856,sena locker,IT,2015-09-02 00:00:00,4.8,60549.0,61.46,management level,1.6
857,sibella dewett,IT,2007-11-22 00:00:00,2.6,127870.0,18.43,mid level,29.9
858,denys connachan,Sales,2005-05-28 00:00:00,4.4,29248.0,84.08,executive level,26.5
859,bab lenard,Marketing,2009-04-05 00:00:00,4.7,80147.0,60.14,intern,10.9
860,linzy pie,IT,2001-05-22 00:00:00,4.4,94271.0,74.74,management level,6.9
861,berty o'duilleain,Finance,2014-12-14 00:00:00,3.9,24257.0,54.76,intern,8.4
862,bibbie zottoli,Sales,2022-05-25 00:00:00,3.2,123634.0,12.39,executive level,26.9
863,hardy ginie,Finance,2010-07-24 00:00:00,5.0,123902.0,1.22,management level,5.0
864,lynnet lavallin,Sales,2014-08-21 00:00:00,1.2,21921.0,57.09,mid level,29.7
865,graehme swindle,Finance,2002-04-29 00:00:00,2.9,51176.0,39.97,mid level,11.2
866,rivi beyer,Sales,2016-10-03 00:00:00,1.3,116954.0,73.03,entry level,5.3
867,bambie southern,Finance,2009-05-21 00:00:00,1.7,47569.0,64.03,mid level,3.6
868,violetta christophle,Marketing,2012-04-12 00:00:00,2.3,100506.0,58.67,mid level,11.8
869,rachel haddrill,Finance,2010-06-17 00:00:00,3.7,85537.0,78.94,management level,23.0
870,stephana o'tierney,Sales,2022-04-06 00:00:00,1.3,85147.0,41.43,intern,17.0
871,dyan mynett,HR,2007-07-26 00:00:00,1.5,61593.0,51.66,entry level,11.3
872,lizzie gladwell,Finance,2007-03-04 00:00:00,2.3,52214.0,35.11,executive level,13.4
873,correna auty,Marketing,2003-03-12 00:00:00,2.7,68084.0,10.01,intern,15.9
874,elsie vashchenko,Marketing,2015-06-16 00:00:00,2.2,93650.0,42.02,intern,3.4
875,lee kilgallon,HR,2014-01-29 00:00:00,4.0,52864.0,31.14,executive level,16.8
876,gayle neilson,Marketing,2009-07-25 00:00:00,1.2,39230.0,12.57,intern,15.0
877,berny mayler,HR,2011-11-29 00:00:00,4.3,101447.0,24.43,management level,26.5
878,asia gumey,Marketing,2008-07-13 00:00:00,4.8,125021.0,98.72,executive level,27.9
879,anatola sich,HR,2008-03-06 00:00:00,4.9,147842.0,29.11,executive level,6.8
880,christye mccorkell,Marketing,2009-12-07 00:00:00,2.5,29275.0,46.39,management level,8.4
881,rycca california,Finance,2007-05-02 00:00:00,1.2,111455.0,27.29,entry level,9.3
882,pearline berryann,HR,2019-08-05 00:00:00,4.7,106238.0,71.99,intern,16.5
883,mickie thrower,Finance,2012-02-22 00:00:00,2.1,25624.0,29.04,intern,24.9
884,cherye spridgen,HR,2019-09-18 00:00:00,2.8,148045.0,99.07,mid level,25.7
885,jessamine madgwich,Marketing,2007-01-14 00:00:00,4.3,89480.0,11.75,management level,15.7
886,gizela cottis,HR,2008-09-18 00:00:00,2.6,91114.0,6.48,executive level,8.5
887,price sworder,Marketing,2017-08-19 00:00:00,2.6,85147.0,7.0,entry level,1.7
888,sheba grzelewski,Finance,2000-05-26 00:00:00,2.8,85147.0,21.58,executive level,23.0
889,claudette leere,Finance,2021-07-14 00:00:00,4.2,85147.0,49.18,executive level,7.9
890,guthrey villaron,IT,2018-03-05 00:00:00,2.3,96631.0,67.62,executive level,24.4
891,tremayne lawther,HR,2003-09-27 00:00:00,4.4,29909.0,35.93,intern,16.7
892,bartholomeus mcentegart,Sales,2013-03-23 00:00:00,3.1,103614.0,88.99,executive level,7.8
893,malinde bellingham,HR,2008-10-13 00:00:00,1.5,85147.0,37.42,executive level,8.4
894,heda meale,Sales,2004-07-02 00:00:00,4.2,98832.0,96.83,management level,20.4
895,anselma strongman,Finance,2014-12-04 00:00:00,2.3,85147.0,42.22,executive level,24.2
896,sonni bummfrey,HR,2008-10-06 00:00:00,3.4,128625.0,11.48,entry level,0.9
897,niels lavery,HR,2021-10-25 00:00:00,3.1,107004.0,80.73,management level,22.4
898,dorri matchett,Sales,2018-07-25 00:00:00,2.2,85147.0,26.72,executive level,1.9
899,roman cliss,Finance,2020-06-27 00:00:00,1.8,36283.0,29.9,mid level,15.4
900,kimberly oglethorpe,Sales,2012-02-21 00:00:00,4.4,70102.0,32.19,intern,0.5
901,rosella stennine,IT,2014-07-21 00:00:00,1.3,65266.0,57.85,executive level,9.8
902,maisie prettejohns,IT,2003-06-01 00:00:00,3.6,52912.0,48.91,executive level,24.4
903,sindee haeslier,IT,2018-02-17 00:00:00,4.1,147235.0,19.98,entry level,16.8
904,zara bowich,Marketing,2005-12-17 00:00:00,1.7,44534.0,21.51,executive level,9.7
905,marcelline crichley,Finance,2013-02-27 00:00:00,4.0,85147.0,63.06,mid level,6.3
906,glennie mcnickle,HR,2008-01-07 00:00:00,1.5,22485.0,38.44,executive level,14.6
907,eveline tumulty,Marketing,2014-09-08 00:00:00,1.1,131008.0,88.29,executive level,9.8
908,sallee loan,Finance,2003-11-09 00:00:00,3.2,92461.0,72.49,management level,7.1
909,dugald laneham,HR,2012-05-03 00:00:00,3.6,136104.0,84.91,entry level,28.0
910,spenser rachuig,Sales,2022-11-01 00:00:00,1.2,88140.0,60.78,mid level,6.0
911,ailey joannet,IT,2022-07-17 00:00:00,1.8,51204.0,54.79,intern,19.3
912,arden curedale,Finance,2000-01-22 00:00:00,3.2,45641.0,49.18,intern,18.3
913,lucie rosenwald,Sales,2004-03-15 00:00:00,4.3,26914.0,31.08,intern,28.4
914,bradan dowears,IT,2004-01-30 00:00:00,2.8,62530.0,60.69,intern,0.8
915,ashton ingolotti,Sales,2014-12-22 00:00:00,4.9,62829.0,76.09,management level,28.6
916,huey petyt,HR,2012-09-22 00:00:00,4.1,124777.0,95.51,mid level,1.5
917,javier hansbury,Finance,2020-10-06 00:00:00,4.0,50596.0,44.64,entry level,19.9
918,elka o'siaghail,Finance,2021-11-23 00:00:00,1.5,102642.0,3.67,executive level,15.5
919,davidde cotilard,Finance,2001-09-15 00:00:00,2.7,85147.0,76.39,mid level,16.3
920,gretta grouse,Marketing,2000-02-27 00:00:00,4.5,85147.0,88.1,mid level,1.4
921,noak di meo,Marketing,2003-06-24 00:00:00,3.4,23044.0,65.83,mid level,23.7
922,annelise mcrorie,Finance,2003-05-29 00:00:00,3.9,61067.0,18.35,executive level,12.6
923,kira casson,IT,2006-09-14 00:00:00,3.5,79402.0,66.03,entry level,24.8
924,niki mcniff,Marketing,2001-05-15 00:00:00,3.6,85147.0,19.9,mid level,17.7
925,ingelbert housby,HR,2010-11-08 00:00:00,2.3,68643.0,46.05,mid level,6.2
926,bobbye baldry,Finance,2008-09-10 00:00:00,3.9,26183.0,56.07,mid level,17.4
927,lizabeth haydock,IT,2000-03-03 00:00:00,1.4,20747.0,37.1,mid level,10.4
928,vin pexton,HR,2019-04-23 00:00:00,1.8,37400.0,5.19,executive level,11.2
929,dario faragher,Marketing,2022-06-26 00:00:00,2.2,38720.0,49.77,mid level,12.1
930,vidovic rowcastle,Marketing,2019-02-14 00:00:00,1.3,62246.0,99.46,entry level,17.4
931,brinn simonian,HR,2015-04-14 00:00:00,2.2,85147.0,48.71,executive level,29.1
932,allayne itzakovitz,IT,2011-09-04 00:00:00,3.4,85147.0,58.92,management level,23.9
933,cass sikorski,Sales,2004-02-08 00:00:00,2.7,123024.0,18.48,mid level,8.0
934,michell audley,Marketing,2007-09-26 00:00:00,2.5,31545.0,43.25,entry level,6.7
935,tomlin schlagtmans,Finance,2002-10-21 00:00:00,4.4,138575.0,64.78,intern,22.7
936,ted tourne,IT,2012-05-02 00:00:00,4.9,118747.0,62.38,intern,8.4
937,doralia cambell,IT,2015-11-02 00:00:00,3.4,84611.0,76.73,intern,3.1
938,hobart boulger,Marketing,2021-04-23 00:00:00,4.7,85147.0,36.43,mid level,7.0
939,zulema duchart,IT,2018-11-20 00:00:00,2.1,73747.0,75.75,management level,21.7
940,carol petrolli,Finance,2019-08-22 00:00:00,4.9,106213.0,43.05,intern,10.3
941,mariya muckley,Finance,2011-10-19 00:00:00,1.3,127462.0,59.11,executive level,24.5
942,nan thew,Marketing,2006-04-07 00:00:00,1.7,149146.0,21.35,executive level,24.4
943,christoforo barehead,IT,2011-04-23 00:00:00,3.2,133638.0,16.03,management level,9.4
944,ahmad tompkinson,HR,2014-03-08 00:00:00,3.7,53599.0,5.51,intern,5.3
945,teresita piesing,HR,2017-04-18 00:00:00,1.0,22100.0,42.72,executive level,22.5
946,carine aldersea,Marketing,2022-06-06 00:00:00,3.7,129609.0,89.37,intern,21.4
947,charlotte jaumet,HR,2022-03-06 00:00:00,4.3,85147.0,30.26,management level,8.0
948,karalee claessens,IT,2009-04-10 00:00:00,3.1,72286.0,44.88,intern,10.5
949,edan van bruggen,Marketing,2014-10-03 00:00:00,2.4,123139.0,1.83,entry level,29.6
950,brewer o'dunneen,Finance,2010-11-03 00:00:00,4.2,85655.0,64.56,intern,3.1
951,wyatt goodreid,IT,2010-07-14 00:00:00,4.8,93940.0,96.26,executive level,19.0
952,rafael hasnney,Sales,2002-10-31 00:00:00,2.1,106777.0,20.81,entry level,25.4
953,carolus shemwell,Sales,2011-01-31 00:00:00,1.7,85147.0,49.72,entry level,17.2
954,jedediah sandy,Marketing,2012-12-10 00:00:00,1.2,52236.0,32.82,intern,18.8
955,connie andreia,Sales,2014-04-09 00:00:00,4.2,127870.0,69.39,mid level,1.7
956,marris loveitt,HR,2008-04-26 00:00:00,1.5,125432.0,14.47,executive level,23.8
957,brendin poulney,Sales,2004-01-07 00:00:00,2.2,40746.0,60.57,entry level,0.3
958,nevins blindermann,Finance,2005-07-13 00:00:00,3.5,140177.0,72.43,mid level,11.9
959,cindelyn ladson,Marketing,2004-04-21 00:00:00,3.1,110366.0,92.72,executive level,22.4
960,constantino martelet,Finance,2020-08-19 00:00:00,4.4,21154.0,31.21,management level,5.0
961,sile eastabrook,Marketing,2020-11-09 00:00:00,2.5,98495.0,81.25,management level,3.0
962,calhoun martinolli,IT,2007-07-04 00:00:00,3.3,82249.0,50.25,entry level,4.3
963,irwin aphale,Marketing,2019-06-27 00:00:00,2.0,141072.0,65.74,entry level,25.8
964,tomas tender,Finance,2009-06-11 00:00:00,4.8,80229.0,61.03,intern,21.6
965,margalit kryzhov,Sales,2016-07-05 00:00:00,1.3,28488.0,71.03,executive level,23.1
966,raina fewings,Finance,2016-10-05 00:00:00,2.9,85147.0,49.37,intern,3.3
967,finlay koba,Marketing,2000-04-22 00:00:00,3.8,117333.0,3.69,management level,10.8
968,brandy mattin,Finance,2001-05-08 00:00:00,2.8,52966.0,97.15,management level,29.9
969,cherri dowty,Marketing,2018-03-29 00:00:00,3.3,130261.0,55.27,intern,11.3
970,angie silbert,IT,2005-09-05 00:00:00,1.8,144218.0,0.98,mid level,2.5
971,koo linner,Sales,2002-11-15 00:00:00,2.7,39584.0,31.38,entry level,0.3
972,trueman kyrkeman,HR,2016-09-08 00:00:00,3.4,85147.0,13.65,management level,16.4
973,cherrita cathrae,Finance,2009-05-29 00:00:00,4.6,71119.0,53.8,executive level,7.6
974,greggory pottery,Sales,2004-02-11 00:00:00,2.2,42535.0,46.22,executive level,28.3
975,penn brightie,Marketing,2018-04-16 00:00:00,4.4,81902.0,75.35,mid level,0.4
976,kristyn rosborough,Sales,2006-07-14 00:00:00,2.3,20985.0,93.88,intern,1.3
977,osborne paschek,Marketing,2005-04-18 00:00:00,1.2,130580.0,20.19,management level,29.5
978,horatia conklin,Finance,2005-03-15 00:00:00,2.5,121128.0,12.05,executive level,21.7
979,osbourne matteo,HR,2021-01-08 00:00:00,4.5,85147.0,10.62,mid level,25.3
980,nicky creese,Finance,2022-11-30 00:00:00,2.2,26078.0,21.86,mid level,16.1
981,pieter janse,Finance,2005-02-13 00:00:00,2.3,105424.0,88.31,mid level,2.5
982,brunhilde prujean,HR,2011-09-02 00:00:00,2.8,149453.0,95.89,executive level,14.1
983,nappy capin,Marketing,2002-06-13 00:00:00,4.0,85147.0,99.13,executive level,27.7
984,viki tripon,IT,2000-01-30 00:00:00,3.0,33339.0,30.37,mid level,29.2
985,willy fritz,Sales,2014-11-28 00:00:00,3.9,123636.0,26.69,executive level,28.2
986,wain hollingshead,Sales,2010-05-30 00:00:00,2.3,92597.0,58.31,entry level,17.6
987,brita tucsell,Finance,2022-11-22 00:00:00,1.5,24329.0,42.74,entry level,7.6
988,kienan penticoot,Sales,2012-12-24 00:00:00,4.9,60276.0,67.55,executive level,3.7
989,nessa rowlands,Marketing,2017-12-02 00:00:00,2.8,130519.0,36.41,mid level,23.0
990,harp wines,Finance,2019-05-29 00:00:00,3.4,32510.0,9.57,mid level,5.1
991,carling de laci,Finance,2000-03-26 00:00:00,3.1,21763.0,82.14,executive level,18.6
992,brant nitto,Finance,2002-07-23 00:00:00,1.7,122482.0,51.35,intern,24.8
993,christopher spatoni,Marketing,2015-07-22 00:00:00,1.8,107309.0,5.64,intern,10.7
994,libbi pahl,Marketing,2016-10-05 00:00:00,2.3,30848.0,35.53,entry level,28.4
995,hobart newvill,Finance,2006-09-05 00:00:00,4.4,71302.0,73.51,management level,10.2
996,zahara pinwell,Sales,2002-06-02 00:00:00,3.9,145651.0,50.18,mid level,25.2
997,ruthann vahl,Sales,2020-04-12 00:00:00,4.2,75384.0,22.24,intern,22.3
998,grannie launder,Marketing,2001-10-11 00:00:00,3.9,85147.0,36.48,entry level,25.1
999,kale ainge,IT,2009-11-17 00:00:00,1.8,97668.0,29.13,mid level,16.8
1000,alana bosche,Marketing,2015-05-24 00:00:00,4.4,32626.0,36.64,mid level,0.1
